"ID","Submitter","Title","Categories","Ingredients","Instructions","Author","PrepTime","CookTime","ServingSize","Difficulty","Rating","Notes"
"1","Annie","Pineapple Upside-Down Cake","Cakes
Desserts
","2/3 C light brown sugar
4 T butter, cut into small pieces
1 can (20 oz) pineapple rings drained
7-10 marchino cherries
1 pkg (18.25 oz) yellow cake mix
1 c water
1/4 c vegetable oil
3 eggs
","1. Sprinkle brown sugar over bottom of microwave safe 10-in round cake pan or 9x13in baking dish; dot with butter. Microwave at power level 10 for 1.5 minutes. Evenly distribute mixture. Arrange pineapple rings in a single layer. Place a cherry in each ring.
2. Combine cake mix, water (or pineapple juice), oil and eggs. Beat well. Spoon batter into pan and microwave at power level 7 for 14-16 minutes.
3. Let stand for 5 minutes. Loosen with knife and carefully invert onto a platter.
",,"0","17","0","0","0",
"2","Kristin","White Chocolate Creme Brulee","Desserts
","1 1/2 c heavy cream
1/2 vanilla bean, split and seeds removed
4 oz. white chocolate, chopped
3 egg yolks
4 T plus 1 t sugar
","Position rack in center of an oven and preheat to 325 F. Line a baking pan with a kitchen towel. Have a pot of boiling water ready.
In a saucepan over medium heat, warm cream, vanilla bean and seeds until small bubbles form around the edges of the pan, 2-3 minutes. Remove from the heat and stir in the white chocolate until melted and blended. Let cool slightly.
In a bowl wisk together the egg yolks and 3 T of the sugar until pale yellow and thick ribbons fall from the wisk, about 5 minutes. Slowly stir in warm chocolate mixture. Place four 4 oz. ramekins in the prepared baking pan. Strain the chocolate mixture through a fine mesh sieve set over a bowl and divide among the ramekins. Add boiling water to fill the pan halfwayup the sides of the ramekins. Cover the pan loosley with aluminum foil and bake until the custards are just set around the edges, 25-30 minutes.
Remove ramekins from the pan and transfer to a wire rack. Cool to room teperature, the cove and refrigerate for at least 4 hours.
Just before serving, sprinkle 1 t sugar evenly over the surface of each custard. Using a kitchen torch, melt the sugar according to the manufacturer's instrutions. Serve immediately.
",,"0","30","4","0","0",
"3","Kristin","Vanilla Pudding","Desserts
","2 T plus 2 t cornstarch
1/2 c sugar
Pinch of course salt
2 large eggs
2 cups milk
1 vanilla bean, split and scraped, seeds reserved
1 T unsalted butter, cut into small peices
2 t pure vanilla extract
1 oz milk chocolate shavings, for garnish
","Prepare an ice bath; set aside. In a small bowl, combine cornstarch, 2 T sugar, and salt. Whisk eggs in a seperate bowl until smooth; whisk in cornstarch mixture.
Combine milk, remaining sugar, and vanilla bean scrapings in a medium saucepan. Bring to a boil over medium-high heat. Slowly pour milk into egg mixture, whisking constantly.
Return mixture to saucepan set over a medium-high heat. Bring to a boil, whisking constantly, until thickened, about 2 minutes. Remove pan from heat, and transfer mixture to a medium heat-proof bowl.
Whisk in butter and vanilla extract. Set bowl in bath, stirring occasionally, until chilled. Serve pudding with chocolate shavings on top, if desired.
",,"0","2","0","0","0",
"4","Kristin","Spiced Rose Lassi","Drinks
","1 1/2 c yogurt
1/4 c water
3 T sugar
2 T rose water (more to taste)
1/4 t ground cardamom
pinch of ground cinnamon
rose petals for garnish
","Place yogurt, water, sugar, rose water and spices in blender. Blend on high until smooth and frothy. Serve cold, garnished with rose petals.
",,"0","0","0","0","0",
"5","Kristin","Kay Bars","Desserts
","1 c. Karo syrup
1 c. Brown sugar
1 1/2 c Peanut butter
1 t Vanilla extract
6 c. Special K
11 oz butterscotch chips
10 oz chocolate chips
","Butter jellyroll pan.
In 3qt sause pan boil Karo syrup and brown sugar.
Remove from heat and mix in peanut butter and vanilla, stir in Special K.
Press mixture into buttered pan.
Melt chocolate and butterscotch together, pour over bars.
",,"0","0","0","0","0",
"6","Kristin","Grammie's Ribs","Pork
","Baby pork ribs
Lots of barbeque sauce
","Heat oven 450-500.
Place ribs in foil on brolier pan.
Bake 15 minutes covered, then turn the oven down to 350 and bake for 30 minutes covered.
Brush with sauce and bake 30 minutes, uncovered.
Cut and serve.
","Grammie","0","75","0","0","0",
"7","Annie","Flank Steak","Beef
","1 small onion
1/4 c. water
3 T ketchup
1 T brown sugar
2 T oil
1 T salt
1/2 t red hot pepper sauce
2 T vinegar
1 Flank Steak
","Chop onion and place on steak in plastic bag. mix together the remaining ingredients, and pour over steak. Marinate in refrigerator 12-24 hours. 
Barbeque 3-4 inches from grill heat, or broil. 
cut diagonally.
","Kathy","720","0","0","1","0",
"8","Kristin","Chicken Parmesan","Poultry
Pasta
Italian
","2/3 c. Italian-seasoned breadcrumbs
2/3 c. grated parmesan cheese, divided
8 skinned and boned chicken breast halves
2 large eggs, lightly beaten
1/4-1/3 cup olive oil
1 (26 oz.) spaghetti or marinara sauce. She used Borillos-something like that!!
1 t. dried oregano, crushed
1 (6 oz.) package mozzarella cheese slices
16 oz. rotini, cooked
1/4 cup butter 
2 T. minced fresh Italian parsley
","Combine breadcrumbs and 1/3 cup Parmesan cheese.
Dip chicken in egg, dredge in breadcrumb mixture.
Brown half of chicken in hot oil in large skillet over medium high heat, turning once.
Remove chicken from skillet and repeat with remaining chicken.
Stir together spaghetti sauce and oregano. Pour into a lightly greased 9x13"" baking dish. Arrange chicken over sauce. Bake, covered at 350 degrees for 30 minutes.
Top chicken with mozzarella cheese slices.
Sprinkle with remaining parmesan.
Bake uncovered 8 more minutes or until mozzarella is slightly browned.
Toss hot pasta with butter and parsley.
Serve with chicken.
",,"0","40","8","0","0",
"9","Annie","Chicken Divan","Poultry Casseroles","1 - 10 oz. frozen chopped broccoli cooked and drained or less.
2 boned and skinned chicken breasts.
1 - 10 oz. can of cream of chicken soup or cream of mushroom soup.
1/2 c. mayonaisse
1/2 t. lemon juice
2 T. melted butter
1/2 t. curry powder
1/2 c. shredded sharp cheddar.
1/2 c. soft bread crumbs.","preheat oven to 350 degrees.
arrange broccoli in shallow 1 and 1/2 quart baking dish.
place cooked chicken (boil 35 minutes or until tender) on broccoli.
mix soup, lemon juice, mayonaisse and curry powder.
pour over chicken.
mix cheese, bread, and butter.
Sprinkle over casserole.
bake 25 minutes.","Grammie","0","25","0","0","0",
"10","Kristin","Chicken Fajitas","Poultry
Mexican
","Marinated Chicken:
4 lbs. boneless, skinless chicken breast
1 cup vegetable oil
2 T. ground cayenne
2 cloves garlic
1 T. lime juice
1 t. white pepper
1 t. salt
Generous dash A-1 sauce
3 T. butter, or more as needed
Vegetable Topping:
1 bell pepper
1 to 2 large onions, sliced into strips
2 medium tomatoes, cut into wedges
1 dozen medium mushrooms, sliced thin
flour torillas 2 to 3 per person
salsa, pico de gallo and guacamole as accompaniments.
","Slice the chicken into thin strips and place strips in large bowl or pan. Combine the rest of the marinade ingredients, except for the butter, and pour them over the chicken, tossing to coat. Marinate the chicken, refrigerated, for at least 5 hours or overnight.
Drain the chicken and discard the marinade. Melt some of the butter in a heavy skillet. Cook the chicken strips until browned, and until juice runs clear. Add the onions, pepper and mushrooms, and more butter if necessary to prevent sticking, and saute until tender. Add the tomatoes and saute another 2 munutes, until tomatoes are warmed.
Spoon the filling onto warmed tortillas and fold, garnishing with salsa and guacamole as desired.
",,"300","0","7","0","0",
"11","Kristin","Chicken & Rice casserole","Poultry
Casserole
","1 can (10 3/4 oz.)
Campbell's condensed cream of mushroom soup or 98% fat free cream of mushroom soup
1 cup water (for creamier rice, increase water to 1 1/3 cups)
3/4 cup uncooked regular white rice
1/4 t. paprika
1/4 t. pepper
4 skinless, boneless chicken breast halves
","Bake at 375 degrees
In 2-qt. shallow baking dish mix soup, water, rice, paprika and pepper. Place chicken on rice mixture. Sprinkle with additional paprika and pepper. Cover.
Bake for 45 minutes or until chicken and rice are done.
",,"0","45","4","0","0",
"12","Kristin","Incredible Pimiento Cheese Spread","Appetizers
","1 - 8 oz. pkg. cheddar cheese
1 - 8 oz. pkg. sharp cheddar cheese
1 - 8 oz. loaf velveeta
1 - 1/2 T. sugar
1 - 1/2 t. salt
1 - 1/2 t. pepper
1 - 4 oz. jar diced pmiento drained
1 cup Hellman's mayonaisse <-- less than 3/4
","Position shredding disc in food processor bowl. shread cheddar cheeses. Cut cheese loaf into cubes. Position knife blade in processor bowl; add half of cheeses. Process until smooth stopping to scrape bowl sides once. Transfer mixture to large bowl.
ADD remaining cheeses, sugar, salt and pepper to processor bowl. Process until smooth, stopping once to scrape down sides. STIR into cheese mixture in bowl. Stir in pimiento and mayonnaise
MAKES 1 quart.
",,"0","0","0","0","0","Don't make the whole thing"
"13","Kristin","Lemon Herb Marinated Chicken","Poultry
","2 T. Mazola RightBlend Canola & Corn Oils
1 T. lemon juice
1/2 t. rosemary or tarragon, crushed
1/2 t. salt
1/4 t. pepper
1 lb. boneless, skinless chicken breast halves
","In cup mix first 5 ingredients; pour over chicken. Cover; let stand at room temperature no longer than 30 minutes, turning once. Broil 10 minutes, or until thoroughly cooked, turning once.
",,"0","40","4","0","0",
"14","Kristin","Stir Fry Chicken","Poulty
Chinese
","3 boned chicken breasts
4 carrots cut
3 celery cut
1 onion chopped
","Stir fry chicken in 3 T. oil. add onion, then celery, then carrots, stirring each add 1 beef boulion 1/2(4) c. water & 1/4 c. soy sauce.
Simmer 15 min.
Add pea pods
thicken with 1 T. cornstarch 1/4 c. water
",,"0","15","0","0","0",
"15","Annie","Egg oven pancake","Breakfast
","1/3 c. Butter
4 eggs
1 c. flour
1 c. milk
dash of salt
","Butter in 9x13 pan @ 425 degrees
blend rest of ingredients
Put in hot pan.
Bake 20-25 minutes
","Grammie","0","25","0","1","3",
"16","Kristin","Impossible Quiche","Breakfasts
","Blend in Blender:
3 eggs
1/4 c. melted butter
1 1/2 c. milk
1/2 c. bisquick
1/4 t. salt
1/4 t. pepper
","Preheat oven to 350 degrees
Pour into well buttered paper 9"" pie plate.
Add 1 c. shredded swiss cheese & 1/2 c. bacon.
Push slowly beneath surface. Bake 45 minutes.
let stand for 10 minutes.
",,"0","45","0","0","0",
"17","Kristin","Cheese Fondue","Appetizers
","4 c. grated natural swiss cheese - 1 #
2 oz. cheddar
1/4 c. parmesan
1 T. flour
1/2 t. Salt
1/2 t. pepper
1/2 t. nutmeg
1 clove garlic
4 T. kirsch, optional
1 1/2 c. sauterne or white wine
French bread cubed
","Toss cheeses & flour.
Rub pan with Garlic. Heat wine on low to bubbling. Add cheese mix (Handfull at a time)
stir until melted, add salt etc. and kirsch
","Grammie","0","0","10","1","0",
"18","Kristin","American Chop Suey","Hamburger
","1 lb. Chuck
onion
2 c macaroni
29 oz Pragu
salt
worstershire sause
tabasco
","Brown chuck, drain grease, add onion if desired.
Cook macaroni
Mix together and add Pragu, add salt worstershire and tabasco to taste.
","Grammie","0","0","0","0","0",
"19","Kristin","Quiet and Gentle Spirit","Appetizers
","1 humble, grateful heart
8 pints of T.L.C.
2 serving hands
1 peaceful tongue
2 fixed eyes
2 discerning ears
","Stir these. Pour into a life that consists of:
1 submissive will
1 controlled mind
1 radiant countenance
Daily purify these so as not to allow any strange alloy or impure ingredient, such as a bad report or an idle thought to enter in.
Bake with the fire of trial; test consistency by measuring to the standard of the life of Christ.
",,"0","0","0","3","3",
"20","Kristin","Spinach Casserole","Veggies
Casseroles
","2 packages frozen spinach, chopped
1/2 lb. sharp grated cheddar
1/2 lb. American cheese grated
minced onion
1 pint sour cream
buttered bread crumbs
parmesan cheese
","preheat oven to 350
cook spinach and drain.
mix cheddar, american, onion, and sour cream
put in 1 1/2 qt. casserole pan, and cover with breadcrumbs and parmesan.
cook for 30 minutes.
",,"0","30","0","0","0",
"21","Kristin","Twice baked potatoes","Veggies
","4 medium baking potatoes
1/2 c. shredded Cheddar cheese
1/3-1/2 c. milk, heated.
2 T. butter or margarine
Salt and pepper to taste
","Preheat oven to 400 degrees. Bake potatoes until tender. Cut a lengthwise slice from the top of each potato. Scoop out pulp, leaving a thin shell. Place pulp in Classic 2 Qt. Batter Bowl; beat pulp with electric mixer. Add cheese, milk, butter, salt, and pepper; mix until smooth. For smoother consistency add additional milk. Spoon mixture into shells. Place potatoes in Mini-Baker and bake for 20 minutes or until lightly browned. Sprinkle with chopped parsley or chives if desired.
",,"0","20","4","3","3",
"22","Kristin","Sour cream cucumbers","Veggies
","1/2 clove garlic - finely chop & mix. --> 2 T. vinegar
3/4 t. salt
1 1/2 c. sour cream
1/4 t. pepper
2 med cucumbers (about 2 c.) chop
","mix, add cucumbers & chill
",,"0","0","0","0","0",
"23","Kristin","Gravy","Sauces
","In Shaker:
1/2 c. cold water
1/4 c. flour
1/4 c. fat.
Roast Juices
","mix fat and flour mixture & 1 c. cold water, not on heat
heat on high, boil, simmer
",,"0","0","0","0","0",
"24","Kristin","Roast Beef","Beef
","lean ribeye
flour
salt
pepper
","heat oven to 425 degrees.
pat flour, salt, and pepper onto roast.
Place fat side up in pan
roast 15 minutes at 425 degrees, then 15 minutes per pound at 325 degrees.
",,"0","30","0","0","0",
"25","Kristin","Brats and Beer","Pork
","Brats
Beer
Onions
Butter
","Place brats in Pan. Pour enough beer to cover. Add onions and butter, simmer for 30 minutes. 
light grilll. 
remove brats from beer. Save liquid.
brown on grill.
return to beer to keep warm until ready to serve.
",,"0","0","0","0","0",
"26","Kristin","Potato Soup","Soups
","1 qt. cubed potatoes.
1 c. diced celery.
1 c. chopped onion
1/2 c. parsley.
1 qt. chicken broth.
1/4 c. butter
1/4 c. flour
2 t. salt
1/2 t. pepper
1 qt. scalded milk
1 c. grated cheddar cheese
","combine potatoes, celery, onion, parsley and broth. bring to boil. simmer for 20 minutes.
process in food processor.
melt butter in large pot.
blend in flour, salt, and pepper,gradually stir in milk.
cook, stirring until slightly thickened.
Stir in potato mixture. Heat. Stir in Cheese.
",,"0","0","0","0","0",
"27","Kristin","Broccoli Soup","Soups
","2 c. chopped broccoli.
2 chopped carrots.
2 chopped celery sticks
6 T. butter
1/2 cup onion
1 chopped garlic
6 T. flour
3 c. chicken broth
2 c. milk
velveeta
","boil broccoli, carrots and celery for 2 minutes
drain
in pot, sautee butter onion and garlic until tender
add flour
stir until smooth
add chicken broth, milk, bring to boil for 1 minute
add veggies, simmer for 30 minutes.
Add velveeta
",,"0","0","0","0","0",
"28","Kristin","Vegetable Beef Soup","Soups
","tomatoe juice - 1 very large 48 oz.
ground beef - 1# brown, dump fat
onion soup - cook up with 4 c. water 10 minutes
mixed vegetables
","simmer for 1 hour, add noodles
",,"0","0","0","0","0",
"29","Kristin","French Onion Soup","Soups
","3 large onions sliced thin
1/4 c. butter
2 t. flour
6 c. beef broth
1/3 c. white wine
salt and pepper
French Bread - Garlic Butter
1 c. shredded swiss cheese
","Saute onions slowly in bugtter 30 min - stir frequently until carmel color.
sprinkle with flour; allow flour to brown slightly.
Slowly stir in beef broth, and simmer x 15 minutes. Sitr in white wine. Season with salt and pepper. Toast bread and spread with garlic butter.
To serve - place toast in heated soup bowl - ladle soup over the toast - cover with cheese - place under broiler.
",,"0","0","0","0","0",
"30","Kristin","Stuffing","Poultry
Holidays
","One onion
2 sticks celery
7 or 8 slices of dry or toasted bread cubes
1 beaten egg
1 t. salt
pepper
1 t. poultry seasoning
enough boiling water to make right consistency. (1/4 to 1/2 c. to start)
","Saute one onion & 2 sticks celery - Both cut up in 1/2 stick butter in in small pan. To 7 or 8 slices dry or toasted bread cubes add: The above, 1 beaten egg, 1 t. salt, pepper, 1t. poultry seasoning, enough boiling water to make right consistency (try 1/4 - 1/2) to start. Will do a chicken.
",,"0","0","0","0","0","To do a Turkey double or triple. (Not quite so much salt when increased) (I tripled it!)"
"31","Kristin","Hamburg Barbeque","Hamburger
","1 # hamburg
1 small can Hunt's tomato sauce & little ketchup 1/4 bottle ketchup
1 t. worcestershire sauce
1 t. vinegar
1 T. brown sugar
1/4 c. water
Salt, Pepper, Garlic powder
","brown meat - add rest of ingredients.
Bring to boil & simmer about 3 min.
Serve on Hamburger rolls
",,"0","0","0","0","0",
"32","Kristin","Nonnie's spagetti sauce","Hamburger,Italian,Pasta
","olive oil
1 onion
3-4 cloves garlic
tomato juice - lg.
lg. crushed tomatoes
Brown pork bones in oven
Bayleaf
Salt and Pepper
","sear chuck roast in pan.
2 -3 hours till meat cooked
then add large tomato sauce
Salt and Pepper
","Nonnie","0","180","0","0","0",
"33","Kristin","Green Enchiladas","Poultry
Mexican
","2 cans cream mushroom soup (or chicken)
1 can chopped green chili
1 cup milk
1 onion, chopped
jack or colby cheese
","preheat oven to 350 degrees
layer mix, tortillas & cheese . . .
ending with cheese. (9x13"" pan).
cook for 30 minutes or until bubbling.
",,"0","30","0","0","0",
"34","Kristin","Grammie's Spaghetti Sauce","Hamburger,Italian,Pasta
","1 lb. hamburger
24 oz. tomato sauce
1-2 T. onion flakes
2 garlic buds
12 oz. Tomato Paste
2 tomato paste cans of water
1 T. Salt
2 t. sugar
2 T. Oregano
1 T. Basil Flakes
","Brown 1 # hamburger meat mix ingredients bring to boil then simmer for 2-3 hours. If desired add 1 can 5 brothers Spaghetti sauce.
","Grammie","0","180","0","0","0",
"35","Kristin","Stuffed Shells","Pasta
Italian
","Box shells
1 # ricotta (or 2 #)
1 # cottage
1/4 # moz. grated
1/3 # par. grated
2 eggs lightly beaten
1/4 c. dry bread crumbs
salt & pepper & parsley
","preheat oven to 350 degrees
cook shells 8-10 minutes. 2 pt. sauce. (1 qt sauce on bottom)
stuff shells
place in pan cover with sauce
cover with aluminum cook 30 minutes covered.
",,"0","30","0","0","0",
"36","Kristin","Pilaf","Veggies
","handful of vermichelli
1/2 stick margarine
1 c. long grain rice
2 1/2 cups water
1 boullion cube
","Brown a handful of vermichelli in 1/2 stick margarine. Add 1 c. long grain rice and 2 1/2 c. water. Bring to a boil. Add 1 boullion cube. Simmer for 20 minutes.
",,"0","20","0","0","0",
"37","Kristin","Lemonade","Drinks
","15 oz. lemon juice
8 cups water
1 1/2 cups sugar
","Boil 2 cups of the water and slowly add the sugar. Mix the lemon juice and all the water. Stir.
",,"0","0","0","0","0",
"38","Kristin","Cranberry & 7-up punch","Drinks
Holidays
Party
","Ocean Spray cranberry juice cocktail
7-Up
fresh cranberries
cinnamon stick and orange
lime and lemon slices for garnish
","In a large punch bowl combine equal parts juice and 7-Up. If you want a fruitier, richer punch, add more juice. If you prefer a sweeter, lighter punch, add more 7-Up. Add garnishes. Quantity of punch will vary; figure 4 ounces per serving.
",,"0","0","0","0","0",
"39","Kristin","Punch","Drinks
","1) 6 oz. pineapple -> add water 
2) 6 oz. Orange Juice
3) 6 oz. lemon & lemonade
4) 2 qt. lemon sherbert
5) 3 bottles gingerale
","blend 1,2, and 3.
stir in ingredients.
",,"0","0","0","0","0","Yields 2 gallons"
"40","Kristin","Dessert Chex Mix","Desserts,Entertaining
","2 c. butterscotch chips
1 cup peanut butter
1 box chex cereal
1 cup chocolate chips
","melt together (butterscotch chips and peanut butter) Pour over 1 box of Chex cereal. After thoroughly mixed add 1 cup of chocolate chips. Stir
Pour on cookie sheets & put in refrigerator.
",,"0","0","0","1","0",
"41","Kristin","Basil Pesto","Pasta
Italian
","2 packages Lucinda's fresh basil leaves (no stems)
3/4 c. extra virgin olive oil
1/4 cup freshly grated parmesan cheese
2 cloves crushed garlic
1/4 cup pine nuts
","Combine all ingredients in a blender until smooth. Toss with warm, cooked pasta for a simple and delicious dinner.
",,"0","0","2","0","0",
"42","Kristin","Bruschetta","Appetizers
Italian
Breads
","8 slices cut from a baguette loaf
2 T. olive oil
2 cloves garlic, cut in 1/2
6 Roma tomatoes, chopped
1/2 sweet onion, such as vidalia, finely chopped
6 basil leaves, finely chopped
","Brush bread slices with oil and grill each side till golden.
Rub toasted bread with cut side of the garlic cloves. Store bread in an airtight container until ready to assemble.
Combine remaining ingredients and store in a lidded container until ready to assemble.
To serve, top bread with tomato mixture.
",,"0","0","0","0","0",
"43","Kristin","Puppy Chow","Appetizers
","9 cups of cereal/ corn chex or crispix (<- best)
*1 c. semi-sweet choc. chips.
*1/2 c. peanut butter
* 1/4 c. margarine
* 1 t. vanilla
1 1/2 c. powdered sugar
","Either in 1 Qt. microwave bowl or over low heat (watch carefully) melt * ingredients until smooth.
Remove from heat, add vanilla. Pour over cereal in Lg. bowl. Pour cereal mix into ziplock bag with sugar - seal and shake.
Spread on wax paper to cool.
",,"0","0","0","0","0",
"44","Kristin","Tomato and Cheese Salad","Salads
","2 large tomatoes
1/2 8-ounce package mozzarella cheese, shredded
2 T. olive or salad oil
1/4 t. oregano leaves
1 small garlic clove, minced red leaf lettuce
","1. Preheat broiler if manufacturer directs. Cut each tomato into 4 slices; sprinkle with cheese. Place tomatoes on rack in broiling pan
2. In cup, stir oil, oregano, and garlic. Drizzle oil mixture over tomatoes. Broil 3 to 5 minutes until cheese melts and is lightly browned.
3. Line platter with lettuce; top with tomatoes.
",,"0","0","4","0","0","About 155 calories per serving."
"45","Kristin","Cinnamon Ornaments","Cookies
Holidays
","3/4 c. gr. cinnamon*
1 T. allspice*
2 T. cloves*
1 T. Nutmeg*
1 c. applesauce
","Stir in applesauce
roll out 1/4"" thick on ungreased cookie sheet
peal away and re-roll
punch hole with straw
let dry 4-5 days
hang with ribbon or yarn
",,"0","0","0","0","0",
"46","Kristin","Play Doh","Miscellaneous
","1 c. flour
1/2 c. salt
2 T. cr. of tartar
1 t. baby oil
1 c. water
food color
","cook over med. heat
",,"0","0","0","0","0",
"47","Kristin","Sour Cream - Coffee Cake","Cakes
Breakfasts
","Cream together:
1/3 c. butter
1/2 c. brown sugar
1/2 c. white sugar
2 eggs beaten
1/2 c. sour cream
Sift together
1 1/2 c. flour
1 T. baking powder
1/2 t. soda
pinch salt
Crumbly topping:
1 t. flour
2 t. brown sugar cinnamon and chopped nuts mixed together.
","Preheat oven to 350 degrees
If batter is rather thick, add 1 or 2 T. milk -- but this is a much thicker batter than regular.
use 8 x 8 greased pan.
Sprinkle over batter: 1 t. flour, 2 t. brown sugar cinnamon and chopped nuts mixed together.
Bake about 30 - 35 minutes.
",,"0","35","0","0","0",
"48","Kristin","Pumpkin Bread","Breads
Desserts
","2/3 c. shortening
2 2/3 c. sugar
4 eggs
1 can/ 1 # pumpkin
2/3 c. water
3 1/3 c. flour
2 t. soda
1 1/2 t. salt
1/2 t. baking powder
1 t. cinnamon
1 t. cloves
2/3 c. chopped nuts
2/3 c. raisins
","Heat oven to 350 degrees.
Frease 2 9x5x3 loaf pans or 3 (8 1/2) x (4 1/2) x (2 1/2) pans. 
In large bowl, cream shortening and sugar
stir in eggs, pumpkin and water.
Blend in flour, soda, salt, baking powder, cinnamon, and cloves.
",,"0","0","0","0","0",
"49","Kristin","Thanksgiving Carrot Cake","Cakes
Holidays
","2 c. grated raw carrots - blender
1/2 c. margarine
1/2 c. brown sugar
2 eggs -- separated
1/2 t. salt
1 c. flour
1 T. cold water
1 t. lemon juice
1/2 t. soda
1 t. baking powder
","Heat oven to 350 degrees.
Cream s. and s. Add beaten egg yolks, water, lemon juice, and carrots. Beat egg whitges till they cling to edge of bowl. By hand, fold in alt. dry ingredients and whites 3 times. Use greased and floured ring mold.
Bake 350 degrees for 15 minutes
then 375 degrees for 20 minutes
let stand for few minutes before removing.
",,"0","35","0","0","0",
"50","Kristin","Nonnie Grandpa's Bread","Breads
","6 1/2 c. bread flour
3 heap T. each bran and oats
1 heap t. each salt and bisquick
2 rapid rise yeast packetsmixed with 1 T. sugar 3/4 cup warm water
proof 15 minutes
egg wash
","preheat oven to 400 degrees
In a bowl mix dry ingredients well
In Large pan spread 1 T. oil throughout
Put in 1/2 dry mix add yeast mixture - add from 2 - 2 1/2 c. warm water alternately with remainder of flour - end with flour.
Cover let rise in warm place until doubled (approx. 1 1/2 hrs.) punch down, knead
make 2 loaves put into greased pans. Bake 400 degrees for 20 - 25 minutes. mix and spread egg wash on top. Bake 350 degrees for 45 to 60 minutes. Cool on racks, cover keep from draft.
",,"0","60","0","0","0","Yields 2 loaves"
"51","Kristin","Zucchini Bread","Breads
","1 medium zucchini grated (2 cups)
1 c picans
2 c flour
1 1/2 t baking powder
1/2 t cinnamon
1/4 t salt
1/4 t baking soda
2 eggs
1 c + 2 T sugar
1/2 c oil
1 t vanilla
1/4 c sour cream/yogart
","Preheat oven to 300
Beat 2 eggs till light, add sugar, oil, vanilla, sour cream.
mix all ingredients until moist, pour into 1 greased and wax papered (sprayed) loaf pan.
bake for 1 hr and 25 min.
",,"0","85","0","0","0",
"52","Kristin","Apple Bread","Breads
","BREAD
1/2 c margerine
2 c sugar
4 eggs
1/2 c sour milk
2 t baking soda
2 t vanilla
1 t salt
4 c flour
4 c unpeeled apple
TOPPING
4 T flour
2 T margerine
4 T sugar
2 t cinnamon
","Preheat oven to 350.
Combine all ingredients for bread, stir in apples.
Pour into 2 large, greased and floured loaf pans.
Mix together topping ingredients and sprinkle over bread.
Bake for 45 to 60 min.
",,"0","60","0","0","0",
"53","Kristin","Herb Bread","Breads
","1/2 c chopped onion
3 T butter
1 c milk
3 c bread flour
1 1/2 t salt
1 1/2 T sugar
1/2 t dill
1/2 t basil
1/2 t rosemary
1 1/2 t yeast
","Saute onion in butter, pour into bread machine. 
Process milk, flour, salt, sugar, herbs and yeast on light then pour into machine.
",,"0","0","0","0","0",
"54","Kristin","Banana Bread","Breads
","1/2 c margarine
1 c sugar
2 eggs
1 c mached bananas
1 T lemon juice
2 c sifted flour
3 T baking powder
3/4 c chopped nuts
","Preheat oven to 350.
Cream margarine and sugar, add eggs, lemon juice and bananas, mix well.
Sift together the flour baking powder and mix well with banana mixture. add nuts.
bake n greased loaf pan for about 1 hr.
",,"0","60","0","0","0",
"55","Kristin","Poppy Seed Bread","Breads
","4 eggs beaten
2 c. sugar
1 1/3 c. oil
3 c. flour
1 can evap. milk
1 t. vanilla
1 1/2 t. baking soda
1 t. salt
4 T. poppy seeds
","Preheat oven to 325 degrees
combine all ingredients
in a large mixing bowl using mixer to blend after each addition.
Grease well and flour 2 regular loaf pans or 3 small pans
Bake 1 hr.- 3 pans
1 hour 15 minutes - 2 pans
till top cooks dry and edges pull away from sides.
",,"0","75","0","0","0",
"56","Kristin","Hidden Valley Ranch Oyster Crackers","Appetizers
","12 - 16 oz. Plain oyster crackers
1 pkg. Hidden Valley Ranch Buttermilk Recipe
Original Ranch Salad Dressing Mix
1/4 t. lemon pepper
1/2 - 1 t. dill weed
1/4 t. garlic powder
3/4 - 1 cup salad oil
","Combine Hidden Valley Ranch mix and oil; add dill weed, garlic powder and lemon pepper. Pour over crackers, stir to coat. Place in warm oven for 15-20 minutes.
",,"0","20","0","0","0",
"57","Kristin","Easy Sticky Buns","Breads
Breakfasts
","2 cans refrig. biscuits - cut into quarters
1 stick margerine
1 c. br. sugar
2 T. water
1 c. chopped pecans
1 t. cinnamon
","preheat oven to 400 degrees.
combine and heat to boil - stir in biscuits and pour all into well greasede bundt pan.
Bake at 400 degrees for 15 minutes
",,"0","15","0","0","0",
"58","Kristin","Pecan Rolls","Breads
Breakfasts
","1 package frozen rolls
1/2 c. chopped pecans
1/2 c. brown sugar
1 t. cinnamon
1 box regular (not instant) vanilla pudding
1 stick butter, melted
","Spray bundt pan. Sprinkle with half of nuts and half of dry ingredients.
preheat oven to 325 degrees
Place frozen rolls in pan. Top with rest of topping.
Top with melted butter
cover loosely with saran
Leave on kitchen counter overnight.
Bake at 325 degrees 20-25 minutes.
let sit 2-5 minutes
turn onto serving platter
",,"0","25","0","0","0",
"59","Kristin","Fantastic Focaccia Bread","Breads
Italian
","1 package (10 oz.) refrigerated pizza crust
2 pressed garlic cloves
2 cups (8 ounces) shredded mozzarella cheese, divided
2 ounces (approx. 2/3 cup) Romano cheese, grated, divided
2 t. dried oregano leaves, divided
2 firm, thinly sliced plum tomatoes
","Preheat oven to 375 degrees. 
Roll crust onto flat Baking Stone; spread with garlic. Grate 1/2 of Romano cheese (1/3 cup) over crust with Delux Cheese Grater. Sprinkle with 1 cup mozzarella cheese and 1 t. oregano. Top with tomatoes, remaining mozzarella, and oregano. Grate remaining Romano cheese over top. Bake 30-35 minutes or until golden brown and bubbly. Cut with Pizza Cutter.
",,"0","35","8","0","0",
"60","Kristin","Date & Nut Bread","Breads
","3/4 c. chopped nuts
1 c. cut up dates or 1 package chopped dates
1 1/2 t. soda
1/2 t. salt
3 T. Crisco
3/4 c. boiling water
2 eggs
1 t. vanilla
1 c sugar
1 1/2 c. flour
","Heat oven to 350 degrees
With a fork mis first 4 ingredients.
Add shortening (crisco) and water. Let stand about 20 minutes. Beat eggs with fork. Add vanilla, then sugar and flour beating with fork (do not use mixer for this recipe) Add date mixture, mixing just to blend. pour into greased loaf pan. Bake 350 degrees for 1 hour and 5 minutes or until done.
",,"0","65","0","0","0",
"61","Kristin","Grammie's Hot Fudge Sauce","Sauces Desserts","1/2 c. real butter (1 stick)
2 oz baking chocolate
1 c. light cream or half and half
1/2 c. cocoa
1 1/2 c. sugar
pinch of salt
2 t. vanilla","Melt together:
1/2 c. real butter (1 stick), 
2 oz baking chocolate. 

Add 1 c. light cream, 1/2 c. cocoa, 1 1/2 c. sugar, pinch of salt. 

Blend.

Bring to a full boil.
Remove from heat.

Add:
2 t. vanilla

Refrigerate until needed.
Heat to serve.","Ruth Carter","0","0","0","0","0","This will keep in refrigeratorand can be reheated."
"62","Kristin","Congo Bars","Cookies
Desserts
","2/3 c. margerine
1 # package brown sugar - 2 1/2 c. 
3 eggs
1 t. vanilla
2 3/4 c. flour
2 1/2 t. baking powder
1/2 t. salt
1 c. chocolate chips (small package)
3/4 c. chopped nuts (if desired)
","Directions:
heat oven to 350 degrees.
Melt 2/3 c. margerine in 3 qt. revere pan.
Add 1 # package brown sugar - 2 1/2 c. (beat in 3 eggs) - 1 t. vanilla
Add 2 3/4 c. flour, 2 1/2 t. baking powder, 1/2 t. salt
(I put the BP and Salt into the 3/4 c. flour and stir)
Then add the 2 c. flour, one at a time.
1 c. chocolate chips (small package)
3/4 c. chopped nuts if desired.
bake in ungreased pan (30-35 minutes)
(I use glass 11 1/2 x 7 3/4 pan)
",,"0","35","0","0","0",
"63","Kristin","Traditional Pumpkin Pie","Desserts
Pies
Holidays
","1 (9in) unbaked pastery shell
1 (16oz) can pumpkin (about 2 c)
1 (140z) can low-fat sweetened condensed milk
2 eggs
1t cinnamon
1/2 t ginger
1/2 t nutmeg
1/2 t salt
","Preheat oven to 425.
In large bowl, combine all ingredients, mix well.
Pour mixture into pastry shell and bake for 15 minutes.
Reduce oven tempurature to 350 and bake 35 to 40 minutes or until knife inserted 1"" from edge comes out clean.
Let cool, garnish and serve.
",,"0","40","0","0","0",
"64","Kristin","Pie crust","Desserts
Pies
Holidays
","1 1/2 c flour
1/2 t salt
1/4 t baking powder
1/2 c crisco
2 T cold milk
2 T cold water
","Preheat oven to 425.
Mix flour, salt and baking powder together, blend in crisco.
Add milk and water.
Roll out dough, place in pan and prick with fork.
Bake for 8 minutes.
",,"0","8","0","0","0",
"65","Kristin","Blueberry slump","Desserts","2 c. blueberries
1 c. sugar
1 1/2 c. water
biscuit dough (use bisquick dumpling recipe)","Boil berries, water, and sugar in sauce pan until plenty of juice. Drop on biscuit dough uncovered for 5 minutes. Then cover and cook for 10 minutes.

INDIVIDUAL SLUMPS
In pyrex cups, place 1 teaspoon butter, 1/4-1/2 cup blueberries, and 1-3 teaspoons sugar. Top with dumplings. 
Put in saucepan with a tight lid. Bring to a boil and simmer tightly covered for about 10 minutes.",,"0","15","0","0","0",
"66","Kristin","Nonnie's Fruit Crisp","Desserts
","4 # fruit (peaches, apples)
1 c. sugar
1/2 t. cinnamon
1 1/2 c. sifted flour
1/2 c. butter
","Preheat oven to 375 degrees
peel fruit and cut into quarters
combine 1/2 cup sugar, cinnamon, and 3 T flour, mix with fruit.
Turn into buttered 10x6x2 dish. Combine remaining sugar and flour. Mix with butter until mix is crumbly.
Sprinkle evenly over fruit. Bake 45 minutes to 1 hour, or until fruit is tender and crumbs are brown.
","Nonnie","0","60","0","0","0",
"67","Kristin","Easy Cobbler","Desserts
","1 can pie filling
1 stick margarine
1 c. sugar
1 c. flour
2 t. baking powder
1/2 t. salt
3/4 c. milk
","Preheat oven to 325 degrees
melt margarine in 9x9 dish.
Mix sugar, flour, baking powder, salt, and milk.
Pour over melted butter. Do not stir.
Pour pie filling onto mixture do not stir.
Bake for 50 to 60 minutes.
",,"0","0","60","0","0",
"68","Kristin","Ice Cream Pie","Desserts
","18 oreos
1/4 c. melted margarine
1 qt. softened ice cream (coffee, peppermint stick or vanilla suggested)
1 small can evaporated milk
1/2 cup sugar
2 squares unsweetened chocolate
1 t. vanilla
(Whipped cream optional)
(chopped nuts optional)
","Crust: Crush 18 oreos between 2 sheets of waxed paper.
Add 1/4 c. melted margarine
Mix with fork
Line 9 in. pie plate with foil and butter. Pat crumbs into pie plate and freeze crust
Fill crust with about 1 qt. softened ice cream (suggest coffee, peppermint stick or vanilla) and return to freezer.
Freeze solid. Top with the following sauce (when cooked):
combine in small sauce pan - 
1 small can evaporated milk
1/2 cup sugar
2 squares unsweetened chocolate
1 t. vanilla
cook over low heat till it is of a spreadable thickness. Cool and spread over ice cream and return to freezer. A layer of whipped cream and chopped nuts may also be added.
Remove about 15 to 20 minutes before serving.
",,"0","0","0","2","2",
"69","Kristin","Black Bottom Cupcakes","Desserts
","8 oz cream cheese
1 egg
1/3 c sugar
1/8 t salt
6 oz chocolate chips
1 c sugar
1T cocoa
1 C wter
1 1/2 c flour
1/3 c salad oil
1 T vinegar
1 t baking soda
1/2 t salt
","Preheat oven to 350.
Beat the cream cheese, egg, sugar and salt, then add the chocolate chips.
In a seperate bowl combine the rest of the ingredients.
Fill cupcake cups about 1/2 full of chocolate then spoon about a teaspoon of cream cheese on top. bake for 30 minutes.
",,"0","30","0","0","0",
"70","Kristin","Apple Pan Doughty","Desserts
","3 medium green apples picked and cut
1 1/2 c. sugar
2 c. water
1 batch bisquick biscuits
","450 12-15
Cook sugar and water over slow heat (medium)
Make bisquick dough
Roll dough 1/2"" thick, spread with apples, slice
dump syrup into pan, add slice
Sprinkle with cinnamon and sugar. small slice of butter on each
","Scott","0","0","10","1","0",
"71","Kristin","Raspberry Oatmeal Bars","Desserts
","1 package yellow cake mix
2 1/2 c. quick-cooking oats
3/4 c. margarine or butter, melted
1 (12 oz.) jar raspberry jam
1 T. water
","Heat oven to 375 degrees
Combine cake mix and oats. Stir in melted margarine until mixture is crumbly. Put about 3 cups of mixture in a 9"" by 13"" pan and press firmly. Combine jam and water and spoon over crumb mixture; spread evenly. Cover with remaining crumb mixture; make top even by patting firmly.
 Bake at 375 degrees for 20 minutes. Cool before cutting into bars.
",,"0","20","15","0","0",
"72","Kristin","Carrot Cake","Desserts
Cakes
","*4 eggs beaten
*3 c. carrots grated
*2 c. sugar (-6 T high altitude)
*1 1/2 c. oil
2 c. flour
2 t. soda
1/2 t. salt
2 t. cinnamon
1 - 8 oz. pkg cream cheese
1 stick butter softened
1 t. vanilla
1/4 t. salt
1 box pow. Sugar
","Heat oven to 325 degrees
Mix * ingredients in a large bowl. Beat x 4 min. on medium.
Add 2 c. flour, 1/2 t. salt, 2 t. soda, 2 t. cinnamon
Grease/flour pans
cook for 35 to 40 minutes.
Icing: 
1 8 oz. package cream cheese
1 t. vanilla
1/4 t. salt
1 stick butter softened
1 box powdered sugar
",,"0","40","0","0","0",
"73","Kristin","Five Minute Chocolate Frosting","Desserts
","6 T. butter or margarine
1/2 c. Hershey's cocoa
2 2/3 cups confectioners' sugar
4 to 5 T. milk
1 T. vanilla
","1. Cream butter or margarine until softened in small mixing bowl.
2. Add cocoa; blend well.
3. Gradually add confectioners' sugar alternately with milk and vanilla; beat to spreading consistency
4. Spread frosting onto dessert with spatula. Makes about 2 cups frosting, enough to frost 2 1/2 dozencupcakes or an 8"" or 9"" layer cake.
",,"0","0","0","0","0",
"74","Kristin","Oatmeal Cake","Desserts
Cakes
","1 1/4 c. boil water
1 c. quick oatmeal
1/2 c. butter or margarine
1 c. white sugar
1 c. brown sugar
2 eggs
1 t. cinnamon
1 t. vanilla
1 1/2 c. soft flour
1 t. soda
","heat oven to 350 degrees
pour boiling water over oatmeal and let stand x 20 minutes or while you cream butter and sugars together.
Add eggs, cinnamon, vanilla. Mix well. Then add oatmeal, flour, and soda. mix and pour in 9x13"" pan. Bake 30 minutes.
",,"0","30","0","0","0",
"75","Kristin","Mom's Carrot Cake","Cakes
Desserts
","2 c. sugar
1 1/2 c. oil (minus 2 T high altitude)
4 eggs
1 1/2 t. vanilla
2 1/2 c. (self-rising) flour
1 t. baking soda
2 t. cinnamon
3 c. grated carrots
1 soft package of cream cheese.
4 T. butter.
1 t. vanilla.
dash salt
2 1/2 cup powdered sugar
nuts
Cheese Frosting:
1 soft package cream cheese. 4 T. butter. 1 t. vanilla. Dash salt. 2 1/2 c. powdered sugar. Mix top with nuts.
","Heat oven to 350 degrees.
Mix in large bowl sugar, oil, eggs and vanilla x 2 min. Add flour, soda, and cinnamon - fold in carrots last. You need 3-4 cake pans. Grease and flour pans. Bake 30 minutes.
","Sandy Seifert","0","0","0","0","0",
"76","Kristin","Wacky Cake","Cakes
Desserts
","*1 1/2 c. flour
*1 c. sugar
*3 T. cocoa
*1 t. soda
6 T. oil
1 t. vanilla
1 T. vinegar
1 c. cold water
","Preheat oven to 350.
Into ungreased 12x12 pan sift and mix * ingredients
Make 3 hole and put oil, vanilla, and vinegar in them.
Pour cold water over them and stir with a fork until smooth.
bake for 30 min.
",,"0","30","0","1","1",
"77","Kristin","Coffee Frosting","Cakes
Desserts
","2 c. powdered sugar
3 T. cocoa
1/2 c. melted margarine
1 t. vanilla
3 T. cold liquid coffee
","mix all together, leaving coffee for last and pour on hot cake
",,"0","0","0","0","0",
"78","Kristin","Heart Cake Strawberry of Raspberry","Desserts
Cakes
","*1 Box white cake mix
*3 T. Flour
*1 3 oz. package red jello
-------------------
1/3 c. salad oil
4 eggs
1/2 c. cold water
1/2 small package straw or rasp. thawed less 4 T juice
-----------------------
4 T. butter
4 T. juice
2 c. conf. Sugar
","Combine * ingredients
Reserve 5 T. juice from berries for frosting
Mix well. Put in prepared heart shaped pan or a square and a round
Follow directions on package for cooking
icing:
4 T. butter
4 T. juice
2 c. conf. sugar
",,"0","0","0","0","0",
"79","Kristin","Nana's Nobby Apple Cake","Cakes
Desserts
","*1 c. sugar
*2 T. butter or margarine
*1 egg
*3 c. diced apples
*1 t. vanilla
-------------------
1 c. flour
1/4 t. salt
1/2 t. soda
1/2 T. Baking Powder
1/2 t. cinnamon
1/2 t. nutmeg
-----------------------
lemon sauce:
3/4 c. sugar
1 1/2 c. boiled water
1 1/2 T. cornstarch
3 T. butter
2 1/4 T lemon juice
nutmeg
","Beat together * ingredients
Add dry ingredients - mixed together: 1 c. flour, 1/4 t. salt, 1/2 t. soda, 1/2 t. Baking Powder, 1/2 t. cinnamon, 1/2 t. nutmeg.
Double for big pan. Bake longer.
Serve on Lemon Sauce:
sugar, boiled water, cornstarch, butter, lemon juice, nutmeg
Mix sugar and cornstarch. Add water gradually. Stirring constantly. Boil 5 minutes. Remove from heat. Add rest of ingredients.
","Nana","0","0","0","0","0",
"80","Kristin","Mom's Frosting","Desserts
","2/3 stick of butter
1/2 - 3/4 box confectioners sugar.
milk
(vanilla, or vanilla and almond, or coffee and dry cocoa)
","butter, confectioners suger add milk 1 T. at a time. While still stiff add flavor (1 t. vanilla) or 1/2 vanilla 1/2 almond) or (1/4 c. coffee with cocoa (dry)).
","Sandy Seifert","0","0","0","0","0",
"81","Kristin","Grammie's Blueberry Cake","Desserts
Cakes
Breakfasts
","*2 c. flour
*2 t. Baking Powder
*1/2 t. salt
1/4 c. butter
3/4 c. sugar
1 egg
1/2 c. milk
2 c. blueberries
Topping:
1/2 c. sugar
1/2 c. flour
1/2 t. cinnamon
1/4 c. soft butter
","Heat oven to 375 degrees.
Cream butter add sugar and egg. Put a little (few Tbsp) of * mixture in dish with blueberries. Stir in * (dry) mixture alternately with milk, beginining and ending with dry mixture.
Fold in Blueberries. Spread batter onto greased 8 or 9"" square pan. Sprinkle with Topping. Bake @ 375 x 40-45 min
","Grammie","0","45","0","1","0",
"82","Kristin","Steamed Chocolate Pudding","Cakes
Desserts
","* 1 egg
*1 c. sugar
*2 T. soft butter
*2 squares melted baking chocolate
% 1 3/4 c. flour
% 1 t. salt
% 1/4 t. soda
% 1/4 t. cream of tarter
1 c. milk
1 t. vanilla
Hard Sauce Ingredients:
1/4 # soft butter
1 1/2 c. confectioners sugar
1 1/2 t. vanilla
pinch salt
","Beat * ingredients well
Sift % ingredients together.
Beat % into * ingredients, alternately with 1 c. milk and 1 t. vanilla.
Pour into greased (and floured with bakers joy) 1 quart (steam pudding mold) and steam 2 hours.
Hard Sauce:
Beat well and chill sauce ingredients
","Grammie","0","120","0","0","0",
"83","Kristin","Coke Cake","Desserts Cakes","2 cups sugar
2 cups flour
1/2 cup crisco oil
1/2 cup butter (1 stick)
3 T. cocoa
1 c. coke
1/2 c. buttermilk
1 t. vanilla
1 1/2 c. small marshmellows
1 t. soda
2 eggs
Icing: cut in 1/2 if desired
1/2 cup butter
3 T. cocoa
6 T. coke
1 box confectioners sugar
1 t. vanilla","Preheat oven to 350 degrees
Sift * ingredients in large bowl.
Mix % ingredients in sauce pan. Bring to boil and pour over dry mixture. It may look lumpy -- just beat well. Add 1/2 c. buttermilk, 1 t. vanilla, 1 1/2 c. small marshmellows, 1 t. soda, 2 eggs.
Mix all together vey well. Pour into greased 9x13x2 pan and bake 45 minutes. (batter will look thin)
Icing: (cut in half if desired)
Bring to a boil: 1/2 c. butter, 3 T. cocoa, and 6 T. coke.
Take from heat and add: 1 box confectioners sugar, 1 t. vanilla
Spread on Cake while hot and still in pan.","Nonnie","0","0","0","0","0",
"84","Kristin","Graham Chocolate Cookies","Cookies
Desserts
","1 package (1 c) melted choc. bits
1 can of condensed milk
2 1/8 c. rolled grahamcracker crumbs
1 t. vanilla
","Preheat oven to 350 degrees.
Add 1 package (1 c) melted choc. bits to a can of condensed milk. Then 2 1/8 c. rolled grahamcracker crumbs. 1 t. vanilla. Mix well. Drop by teaspoon on parchment pan and cook for 10 minutes.
","Grammie","0","0","0","0","0",
"85","Kristin","Snickerdoodles","Cookies
Desserts
","1 c. shortening
1 1/2 c sugar
2 eggs
2 3/4 c sifted flour
2 t cream of tartar
1 t baking soda
1/2 t salt
2 t cinnamon
--------------------------
2 T sugar
2 T cinnamon
","Preheat oven to 400.
Mix shortening, sugar and eggs throughly. 
Blend flour, cream of tartar, baking soda and salt. Stir into shortening mixture.
Shape dough into 1"" balls. Roll in mixture of cinnamon and sugar and place 2 inches apart on ungreased baking sheet.
Bake 8-10 min.
",,"0","10","0","0","0",
"86","Kristin","Chocolate Cringles","Cookies
Desserts
","1/2 c oil
4 oz unsweetened chocolate, melted
2 1/3 c sugar
4 eggs
3 1/2 c flour
2 1/4 t baking powder
1 1/2 t vanilla
1 c chopped nuts
1 c chocolate chips
confectioners sugar
","Cover bowl with plastic wrap and refridgerate for at leat 1 hr or over night.
Preheat oven to 350 degrees.
Combine oil and melted chocolate, add sugar, 4 eggs, one at a time, mix.
Blend in flour and baking powder. add vanilla, nuts and chocolate chips.
roll out dough into golf ball sized spheres, roll in confectioner's sugar.
place 3 in apart on parchement lined cookie sheets and bake for 17 minutes.
cool on cookie sheet for 2 minutes then transfer to rack.
",,"0","17","0","0","0",
"87","Kristin","Pecan Sandies","Cookies
Desserts
","1 1/2 c margerine (not butter)
1 1/2 c sugar
1 1/2 t vanilla
3 c flour
1 t baking soda
1/4 t salt
1 c or more broken pecans
","Preheat oven to 375 degrees.
Cream argerine and sugar until fluffy, add vanilla. Beat until blended.
Mix together and add flour, baking soda and salt. Mix until smooth.
Add pecans, mix well.
Form dough into 2 inch rolls on plastic wrap. incase in plastic wrap and refridgerate until firm. Slice 1/4"" thick.
Bake on lightly greased cookie sheet for 12 minutes.
Makes 4 dozen.
Dough can be frozen.
",,"0","12","0","0","0",
"88","Kristin","Snowball Cookies","Cookies
Desserts
","2 c flour
2 c fine chopped pecans
1/4 c sugar
1 c butter, softened
1 t vanilla
powdered sugar
","Preheat oven to 325.
In a large mixer bowl combine all ingredients except powdered sugar. Beat at a low speed, scraping bowl often until well mixed, about 3-4 minutes. 
Shape rounded teaspoon fulls of dough into 1"" balls. Place balls 1"" apart on ungreased cookie sheets, bake for 18-25 minutes or until very lightly browned.
Roll in powdered sugar while still warm and again when cool.
Makes 3 dozen.
",,"0","25","0","0","0",
"89","Kristin","Nieman Marcus Chocolate Chip Cookies","Cookies
Desserts
","2 C butter
2 c sugar
2 c brown sugar
4 eggs
2 t vanilla
4 c flour
5 c oatmeal
1 t salt
2 t baking powder
2 t baking soda
24 oz chocolate chips (4 c)
8 oz hershey bar grated
3 c chopped nuts
","preheat oven to 375 degrees.
Cream butter and sugars. Add eggs and vanilla. Mix together with flour, oatmeal, salt, Baking Powder, and Soda.
Add chocolate chips, candy and nuts.
Roll into balls and place 2"" apart on cookie sheet. Bake 13-15 minutes.
makes 120 cookies.
",,"0","15","0","0","0",
"90","Kristin","Big Soft Ginger Cookies","Cookies
Desserts
","2 1/4 c flour
2 t ginger
1 t baking soda
3/4 t cinnamon
1/2 t cloves
1/4 t salt
3/4 c butter
1 c sugar
1 egg
1/4 c molasses
-----------------------------
2 T sugar
","Preheat oven to 350.
Combine flour, ginger, baking soda, cinnamon, cloves and salt, set aside.
In large bowl mix butter and sugar until fluffy, add egg and molasses, beat.
Add dry ingredients, shape into 1 1/2 "" balls, roll into sugar and place on cookie sheet, bake 10 min, let stand 2 minutes, transfer to cookie sheet.
",,"0","0","0","0","0",
"91","Kristin","Cookie press cookies","Cookies
Christmas
Desserts
","1 c butter
1 c powdered sugar
1 c sugar
2 eggs
1 c vegetable oil
1 t salt
1 t vanilla
4 1/2 c + 4 t flour
1 t soda
1 t cream of tartar
","Preheat oven to 350.
Cream butter and sugars, add 2 eggs and mix.
Add rest of ingredients.
put in press and shape cookies.
bake for 8 - 10 minutes.
",,"0","10","0","0","0",
"92","Kristin","Sugar Cookie","Cookies
Desserts
","1 c butter
2 c sugar
3 2/3 c flour
3/4 t baking soda
1/2 t salt
2 t baking powder
1 t vanilla
3 eggs beaten
","Preheat coven to 350.
Cream butter, sugar, baking soda, salt and vanilla. Add eggs, beat and add the rest of the ingredients. chill
Bake for 8 minutes.
",,"0","8","0","0","0",
"93","Kristin","Oatmeal Cookies","Cookies
Desserts
","3 eggs, beaten well
1 c rasins
1 t vanilla
1 c butter
1 c brown sugar
1 c white sugar
2 1/2 c flour
1 t salt
1 t cinnamon
2 t baking soda
2 c oatmeal
3/4 c chopped pecans
","Preheat oven to 350.
Combine eggs, rasins and vanilla, let stand for 1 hour covered with plastic.
Crream together butter and sugars. Add flour, salt, cinnamon and baking soda to sugars. Mix well.
Blend in egg and rasin mixture, oatmeal and nuts. Dough will be stiff.
Drop by teaspoon onto cookie sheet and bake for 10 - 12 minutes.
",,"0","12","0","0","0",
"94","Kristin","Hermits","Cookies
Desserts
","1 c sugar
1/2 c crisco
2 eggs
2 T molasses
1 c rasins, put through food chopper
2 1/4 c flour
1 t baking soda
1/2 t salt
1/2 t cinnamon
1/4 t cloves
1/4 t nutmeg
","Preheat oven to 350.
Cream sugar and shortening, add eggs, beat well. Add molasses and rasins.
Combine dry ingredients and add to egg mixture.
Place on cookie sheet, about 2-2 1/2""inches wide, pat until length of cookie sheet.
Sprinkle with sugar and draw fork down length.
Bake for 15-20 minutes, turn half-way through.
",,"0","20","0","0","0",
"95","Kristin","Rolled Christmas Cookies","Cookies
Desserts
Holidays
","2 c flour
3/4 c sugar
1 1/2 t baking powder
1 egg
1/2 t salt
1 t vanilla
1/2 c butter, softened
1 T milk
","Preheat oven to 350.
Mix flour, baking powder and salt. 
Cream together shortening and sugar. Add egg and beat until smooth and fluffy. Stir in vanilla, add flour and milk alternating 1/2 of flour, milk, rest of flour by hand. 
Chill and roll out to 1/4"" inch thick.
Cut and bake for 7 minutes.
",,"0","7","0","0","0",
"96","Kristin","Buckeye Ball","Cookies
Candy
Desserts
","1 c butter
1 box powdered sugar
1 c peanut butter
1 c crushed graham cracker crumbs
1 c ground nuts
--------------------------------------
1 1/2 c chocolate chips
1/3 bar parafin
","Mix inside and chill.
Melt chocolate and parafin.
Shape chilled mix into balls and keep chilled.
Dip into chocolate using toothpick, leave a small circle uncovered, like a buckeye.
",,"0","0","0","0","0",
"97","Kristin","Soft Caramels","Candy
Holidays
","1 lb butter not margarine
2 # brown sugar
1 Bottle light Karo syrup (2 l)
2 cans Eagle Brand condensed milk
1 T. vanilla
","Cook to 240 degrees on candy thermometer
Stirring constantly - use heavy pan.
Butter (well) a jelly roll pan.
Pour candy into pan. Let set a day in refrigerator until firm.
Remove from pan to cutting board or marble block (ironing bottom of pan helps to loosen it) Score befor cutting. cut. Wrap each piece individually and store in refrigerator. Lasts a year or more! use 3 1/2"" x 4"" paper.
",,"0","0","0","0","0",
"98","Kristin","Quiche","Breakfasts
","2 c. (6-8 oz.) shredded swiss cheese
1/4 - 1/2 c. shredded cheddar cheese
2 T. parmesan cheese
6 slices bacon
2 c. homo. or light cream
4 eggs slightly beaten
1/2 t. salt
1 T corn starch
1/4 t. nutmeg
dash of pepper
2 T. melted butter
9 in. unbaked pie shell
","Preheat oven to 375 degreees
",,"0","40","0","0","0",
"99","Kristin","Pounded Chicken","Poultry
","Chicken Breast
Bread crumbs with parsley and garlic salt
Olive oil and crushed garlic
","Pound chicken to desired thickness. dredge through olive oil then press into bread crumbs.
place on foil lined broiler pan and broil (400 degrees) 7 minutes per side or until well browned aand chicken is cooked.
",,"0","14","0","0","0",
"100","Kristin","Sandy's Chicken Burritos","Poultry,Mexican
","Lowry's Seasoned Salt
Chili Powder
Onion Powder
Chicken Broth (Bouillion)
2-3 Chichen Breats
Tortillas
Cheddar Cheese
","Pound chicken. Cut in thirds. Sprinkle with seasonings. Make one cup broth (bouillion) in the microwave. Broil chicken until cooked through. 
Mix chicken juice with half of bouillon. Cut chicken into cubes and place in large bowl. Add liquid just enough to moisten chicken.
Place chicken and cheese in tortilla and wrap like burrito. Wrap in saran wrap. Place in microwave until hot (approx. 45 seconds on power level 8). 
Serve with salsa, sour cream, tomato, and lettuce.
Place a small amount of the chicken mixture and cheese in each tortilla.
Either bake for 15 min at 350 or saran wrap each burrito and microwave for 30 seconds each.
Garnish
","Sandy","0","0","0","0","0",
"101","Kristin","Greek Kabobs","Beef
","Lamb (or beef) chunks
small amount olive oil
red wine (lots)
thyme
oregano
garlic
salt
pepper
bell peppers
onions
tomatoes
mushrooms
","mix meet and seasonings
marinate over night
cut up veggies and skewer with meat
cook over hot gril 3 min per side.
",,"0","0","0","0","0",
"102","Kristin","Grilled Corn","Veggies
Grilled
","corn on the cob
butter
salt
butcher's twine
","shuck corn except final layer
de silk
rub with butter and salt and recover with remaining husks
tie closed
grill 6 min each side.
",,"0","12","0","0","0",
"103","Kristin","Beef & Broccoli","Beef","1 can Campbell's® French Onion Soup 
1 tbsp. soy sauce 
1/4 tsp. ground ginger 
1 clove garlic, minced 
2 tbsp. cornstarch 
1 lb. boneless beef sirloin, steak, 3/4"" thick* 
2 tbsp. vegetable oil 
4 cups broccoli flowerets 
1 medium red pepper, cut into strips 
0 Hot cooked rice","MIX soup, soy, ginger, garlic and cornstarch.
SLICE beef into very thin strips.
HEAT 1 tbsp. oil in skillet. Add beef and stir-fry until browned and juices evaporate. Remove beef.
HEAT remaining oil. Add broccoli and pepper and stir-fry until vegetables are tender-crisp. Return beef to skillet. Stir in soup mixture. Heat to a boil. Cook and stir until mixture boils and thickens. Serve over rice.",,"0","0","0","0","0",
"104","Kristin","7-Layer Bars","Desserts
","1 stick butter
1 cup each:
graham cracker crumbs
chocolate chips
butterscotch chips
chopped nuts
shredded sweetened coconut
1 can sweetened condensed milk
","preheat oven to 350.
line 9x11 pan with aluminum foil
place stick of butter in pan and melt
layer in graham crackers and other ingredients with the can of sweetened condensed milk on top
bake for 1/2 hour.
allow to coll before cutting.
",,"0","30","0","0","0",
"105","Kristin","Chicken with Onions and Garlic","Poultry
","1 whole roaster (about 4 lbs) cut up
1 T butter, softened
2 t coarse salt
1 t ground pepper
2 onions, quartered and divided
10 garlic cloves, peeled
6 sprigs thyms plus more for garnish
","Preheat oven to 475.
Rinse chicken pieces; pat dry. Brush chicken with butter and sprinkle with salt and pepper
Place chicken in small roastin pan. Arrange onions, garlic, and thyem sprigs over and under chicken. 
Roast; after 20 minutes baste with pan drippings. Continue roasting until chicken is golden and cooked through, 15 - 20 minutes more. transfer the chicken to platter and set aside.
Pour pan drippings through a sieve into a small bowl; discard solids. arrange onions and all but 3 garlic cloves around chicken. Whisk remaining garlic with pan juices. Strain juices again; discard solids. Pour Sauce over chicken; garnish with thyme sprigs.
","Martha","0","0","0","0","0",
"106","Kristin","Almond Macaroons","Cookies
Desserts
","4 oz almond paste
1/2 c powdered sugar; plus more for dusting
Pinch of salt
1 egg white
1/4 t pure vanilla extract
1/4 c sliced almonds
","Preheat oven to 300. Line baking sheet with parchment paper and set aside.
Place almond paste, sugar and salt in the bowl of an electric mixer (fitted with the paddle attatchment); beat on medium speed until mixture looks crumbly; about 3 minutes. Add egg white and vanilla. Continue beating until mixture is smooth anf thick; about 3 minutes more.
Drop 12 even tablespoons of batter about 2 inches apart on lined baking sheet; place 2 almond slices on each mound of dough. Bake cookies, rotating baking sheet half way through, until golden brown; 20 to25 minutes. Transfer cookies to a wire rack; let cool completely.
Just before serving, lightly dust powdered sugar over cookies.
","Martha","0","25","0","0","0",
"107","Kristin","PB&C Cookie Sandwiches (also PB&B)","Cookies
Desserts
","1/2 c butter, softened
1/2 c sugar
1/2 c brown sugar
1/2 t baking soda
1/2 t salt
1 egg
1 t vanilla
1 c flour
1/2 c unsweetened cocoa powder
1/2 11 oz pkg peanut butter or butterscotch pieces
1/2 11 oz pkg milk chocolate peices
---------
1/2 c chocolate frosting and 1/2 c peanut butter
or
1 c chocolate frosting
","Preheat oven to 375.
in large mixing bowl beat butter with an electric mixer on medium to high speed for 30 seconds. Add granulated sugar, brown sugar, soda and salt. Beat until combined. Add egg and vanilla. Beat until combined. Beat in as much flour as you can with the mixer. Stir in any remaining flour and the cocoa powder. Stir in peices.
Roll dough into 1 inch balls. Place 2 inches apart on lightly greased cookie sheets. Flatten cookie slightly with a glass dipped in sugar. Bake for 7 to 8 minutes or until tops are cracked and look dry. Let cool on cookie sheets for 1 minute before transfering to wire racks to cool completely.
in a small bowl stir together frosting a peanut butter. Spread 2 t of the mixture on the bottom half of the cookies. top with remaining cookies. Makes 24
",,"0","0","0","0","0",
"108","Kristin","Chocolate-Hazelnut cookies","Cookies
Desserts
","3/4 c butter; softened
1 c sugar
1 c brown sugar
1 13oz jar chocolate-hazelnut spread
1 oz unsweetened chocolate; melted and cooled
1 t vanilla
2 eggs
2 1/2 c flour
1 t cinnamon
1/2 t baking powder
1/2 t baking soda
1/4 t salt
1 c semisweet chocolate peices
1 c coarsly chopped, toasted and skinned hazelnuts
5 oz white chocolate, melted
","Preheat oven to 350.
In a very large bowl beat butter with an electric mixer on medium or high speed for 30 seconds. Add sugars gradually. Beat until combined, scraping the sides of the bowl occasionally. Add chocolate-hazelnut spread, unsweetened chocolate and vanilla. Beat until combined. Add eggs,one at a time., beating until combined. Combine flour, cinnamon, bakingsoda, baking powder and salt. Beat as much of the powdered mixture into the creamed mixture as you can. Stir in any remaining folur mixture. Stir in chocolate peices and hazelnuts.
Drop dough by rounded tabelspoon 2 inches apart on an ungreased cookie sheet. Bake about 10 minutes or until the edges atre just set. Let cool on cookie sheets for about 2 minutes before transfering to wire racks to cool completely. Drizzle melted white chocolate over cooled cookies; let stand until set.
",,"0","0","0","0","0",
"109","Kristin","Artichoke spread","Appetizers
","14 oz can artichokes, drained and cut up
1 c parmesan cheese
1 c mayo
4 oz can green chilies
garlic salt
","Preheat oven to 350.
Mix all ingredients together and place in glass container.
Bake for 20 minutes.
Serve with crackers or tortilla chips.
","Grammie","0","20","0","0","0",
"110","Kristin","Greenbean casserole","Veggies
Casseroles
","18 oz greenbeans - French cut drained
1 can mushroom soup
1 can onion rings - save a few to top the cassarole
1/8 t pepper
","Preheat oven to 350.
Mix ingredients and bake for 30 minutes.
Top with rest of onion rings and bake 5 minutes longer.
","Grammie","0","35","0","0","0",
"111","Kristin","Easy cheese fondue","Appetizers
Party
","1 garlic clove cut to rub on fondue pot
1/2 c dry white wine
1 10 oz tub alfredo sauce
1 8 oz bag shredded swiss cheese
1/8 t ground nutmeg
1 T Kirsch or Brandy
","Rub the garlic clove aroung the inside of the fondue pot (or saucepan), discard. Add the wine and heat to boiling. Reduce flame (or stovetop) to low and add the alfredo sauce, swiss cheese and nutmeg. stir constantly until the cheese is melted and very hot. add the Kirsch or Brandy.
Serve with cubes of bread, sliced pears or apples.
",,"0","0","0","0","0",
"112","Kristin","Spaghetti with Clams","Pasta
Italian
","Course salt
1 lb spaghetti
2 T olive oil
2 cloves garlic, minced
1 pinch red pepper flakes
1 1/2 lbs little-neck clams, scrubbed
1 c dry white wine
1 T parsley
Juice of 1 lemon
3 T butter
Black pepper
","Bring large pot of water to boil; salt generously. Add spaghetti and cook until slightly underdone, about 7 minutes. Drain pasta, reserving 1 cup of cooking liquid. Set aside.
Meanwhile, heat oil in a large skillet over medium heat. Add garlic and chili pepper; cook until garlic is golden, about 2 minutes. Add clams and white wine, and raise heat to high. Bring to a boil, cover and cook, shaking occasionally, 2 to 3 minutes, until clams open. Stir in parsley. Transfer to a bowl and set aside.
Return skillet to medium-high heat. Add reserved pasta water and lemon juice; reduce until slightly thickened, about 2 minutes. Remove from heat; whisk in butter. Add clam mixture and spaghetti. Cook over medium-low heat until heated through, 2 to 3 minutes. Season with salt and pepper; garnish with more parsley.
","Martha","0","0","0","0","0",
"117",,"Monkey Bread","Breads Breakfast","1/2 pkg. Rich's Frozen Dinner Rolls (full pkg overflows pan)
1 pkg. vanilla or butterscotch pudding mix (not instant)
1/2 cup brown sugar
1/2 cup chopped nuts
1 stick butter, melted","Mix dry ingredients. Grease Bundt pan and spinkle in half of the dry ingredients. Put in frozen rolls, and pour over the melted butter. Sprinkle on the rest of the dry ingredients. Let rise overnight.
Bake at 325 for 20-25 minutes.
Variation: Place all nuts in bottom of pan, then rolls, then rest of dry ingredients mixed with the butter. This creates a nice looking nut topping when flipped over.","Sandy","10","20","6","1","3",
"118",,"Hot Fudge Cake","Desserts,Cakes
","1 pkg. Devil's Food Cake mix (not pudding)
1 c. sugar
1/2 c. cocoa
2 c. hot water
1 t vanilla
","Prepare cake mix as directed. Pour into greased 9x13 pan. Stir together sugar, water, cocoa, and vanilla. Pour over batter. Do NOT stir. Bake at 350 for 45 minutes. Let stand 10 minutes. Serve warm with vanilla ice cream.
","Sandy","10","45","10","0","0",
"122",,"Beef Barbeque","Beef,Entertaining
","2 1/2-3# boneless chuck roast
1 large onion chopped
1/2 c. diced celery
2 T. brown sugar 
1 t. salt, 1/4 t. pepper
2 T. vinegar
4 T. lemon juice
1 c. tomato sauce
2 T. Worcestershire sauce
1 t. chili powder
1 1/2 c. water
","Trim fat from meat. Put all ingredients in a dutch oven
or covered casserole. Bake at 325-350 degrees for about
6 hours--until meat falls apart. Check during cooking to
see if more water is needed.Use 2 forks and pull apart. 
Great served on buns with cole slaw.
","Grammie","0","360","0","0","0",
"123",,"ENTRECOTE MARCHAND deVIN","Beef
","4 Rib or Club steaks
2 T. butter
1/2 c. dry red wine, 1/4 t. thyme, S & P
3 T. minced shallots or white portion
of scallions
6. T. butter
Minced parsley
","Saute steaks in 2 T. butter turning once so
both sides are seared and meat is med. rare,
6-7 minutes per side. Remove from pan
and keep warm.
Pour fat from pan and add wine, shallots,
thyme, S & P.
Simmer until wine is almost evaporated and
becomes thickly syrupy.
Remove pan from heat and stir in butter,
a tablespoon at a time until sauce is smooth 
and thick. Adjust seasonings, stir in parsley,
and spoon over steaks.
","Grammie","0","0","0","0","0",
"124",,"Flank Steak Marinade","Beef
","1 T. brown sugar
1 T. salt
2 T. salad oil
3 T. catsup
2 T. vinegar
1/2 teas. tobasco
1/4 c. water
1 small onion sliced
Flank Steak
","Place flank steak in zip loc plastic bag.
Add sliced onion slices.
Mix rest of ingrdients, then pour in bag, and seal.
Enough for one flank steak. 
Might need to double for London Broil if larger than flank.
Or for two steaks, make 2 recipes and use 2 bags
I place bag in a pyrex baking dish in refrigerator so I can
flip the bag over a few times while marinating
in refrigerator 12-24 hours.
Cook on grille. Cut diagonally into thin slices.
","Grammie","0","0","0","0","0",
"125",,"Ground Beef Barbecue","Hamburger,Entertaining
","1# ground beef browned
1 large chopped onion
1 c. chopped celery
1 green pepper chopped
3 T. brown sugar
1 T. dry mustard
1 t. salt
1 t. vinegar
1-14 oz. bottle catsup
1/2 c. water (rinse bottle)
","Simmer 1-2 hours.
Serve on buns
","Grammie","0","0","0","0","0",
"127",,"Margaret's Pork Tenderloin","Pork
","2 T. oil
¼ c. vinegar
½ t. Worcestershire Sauce
2 t. soy
¼ t. salt
1 T. chopped onion
2 T. brown sugar
pinch ginger
","Mix above and marinate pork overnight. 
Can be baked for an hour at 325 degrees, basting while cooking
Or grilled and baste while grilling
","Grammie","0","0","0","0","0",
"128",,"Orange Cranberry glazed Pork Tenderloin","Pork
","1 (16 oz.) can whole-berry cranberry sauce
1 t. grated orange rind
2/3 c. fresh orange juice
2 t. balsamic vinegar
1/8 t. salt
½ t. pepper
¼ t. ground allspice
1/8 t. ground cinnamon
1/8 t. ground cloves
1 ½ # pork tenderloins, trimmed
Garnishes, fresh rosemary sprigs, whole cranberries
","Bring first 9 ingredients to a boil in a saucepan.
Reduce heat and simmer mixture for 20 minutes.
Place pork on tinfoil in shallow roasting pan.
Bake at 425 degrees or until meat thermometer
Inserted in thickest part registers 160 degrees,
Basting occasionally with half of the cranberry
Mixture. Slice pork and serve with rest of sauce.
Prepare cranberry basting sauce up to 8 hours ahead and chill.
","Grammie","0","0","6","0","0",
"129",,"Pepper Steak","Beef
","1-1/2 # sirloin steak, 1/2x2x1/8
½ t. salt
1 c. diced onion
1 c. bouillon
3 T. soy sauce
1 clove garlic, minced
2 green peppers, cut into 1 inch pieces
2 T. cornstarch
¼ c. cold water
2 tomatoes, peeled and cut into eighths
3-4 c. hot cooked rice
","Trim fat and bone from meat. Cut meat into 4 or 6 servings.
Grease skillet lightly with fat from meat. Brown thoroughly on one side.
Turn .Sprinkle with ¼ t. salt. Brown other side. Turn. Sprinkle with remaining
¼ t. salt. Add onion; cook and stir until tender. Add bouillon, soy sauce,
and garlic .Cover and simmer 10 minutes or until meat is tender.
Add green pepper cover and simmer 5 minutes. Blend cornstarch with water
Gradually stir into skillet. Cook, stirring constantly until mixture thickens
And boils. Boil and stir 1 minute. Add tomatoes and heat through. Serve immediately with hot rice.
","Grammie","0","0","5","0","0",
"130",,"Pork at it's Peak","Pork
","1 5# pork loin roast, boned, rolled and tied
Marinadedouble to use as gravy too
½ cup dry white wine
¼ cup canola oil
6 T. Dijon mustard
¼ c. chopped mushrooms
2 T. soy sauce
2 T. fresh lemon juice
2 T. minced onion
2 T. butter
½ t. celery seed
½ t. salt
½ t. pepper
","Mix together marinade ingredients. Place pork in rectangular pan and pour marinade over meat. Cover and refrigerate 24 hours, turning occasionally.
Drain and reserve marinade.
Cook marinade to use as gravy.. Bring to a boil.
Roast @ 350 degrees for 2 ½ hours till 155-160 degrees
Baste frequently with marinade last 30 minutes of roasting time
Serve with sautéed apples
Peel and chunk apples. Sprinkle with lemon juice.
Add chunk butter and chunk brown sugar
SauteN
Turn off the heat, then heat up to serve.
Mashed potatoes, corn and green beans
Tomato, mozzarella, basil salad
","Grammie","0","0","0","0","0",
"131",,"Pork Loin with Peach Sauce","Pork
","¼ cup Dijon Mustard
¼ cup Mayonnaise
1 (2#) boneless center cut pork loin roast
1 cups Italian seasoned bread crumbs
1 Tab. butter
1 small onion, diced
2 garlic cloves, minced
3 cups white grape juice
1 Tab. chicken bouillon granules (or cube)
1 (16 oz) can peach slices, undrained and diced
","Make sauce first. Can be reheated.
Combine mustard and mayonnaise. Brush over roast.
Coat in breadcrumbs and place roast on a rack in a roasting pan.
Bake at 400° for 20 minutes, reduce heat and bake 1 ½ hours or until a meat thermometer inserted into thickest portion registers 160°. Slice roast and keep warm.
Sauce
Melt butter in a heavy saucepan. Add onion and garlic and sauté until tender. Stir in grape juice, bouillon, and peach slices, diced and juice too. Bring to a boil. Cook until mixture reduces and thickens, stirring occasionally. Serve with pork.
Took me 1 1/2 hours to simmer sauce to reduce it enough
","Grammie","0","0","0","0","0",
"132",,"Pork Tenderloin Diane","Pork
","1# pork tenderloin
2 T. butter
2 T lemon juice
1 T worcestershire
1 t. dijon mustard, 1 T. minced parsley or chives
","Cut in 8 crosswise pieces, press to 1 or 1/2 inch
Sprinkle one side with lemon pepper
Heat butter---sautee medalions, 4-5 min per side (think it takes less time)
Remove from pan. Put on plates. Add rest of ingredients to make a sauce and pour over top of pork.
Good with parsleyed potatoes, fettuccini, rice or whatever.
","Grammie","0","0","4","0","0",
"133",,"McCrate's Pork Tenderloin","Pork
","12 oz 1 # pork tenderloin
½ c. apricot preserve or orange marmalade
3 T. Dijon mustard
2 c. sliced fresh mushrooms
½ c. sliced scallions
2 T. Orange Juice
","Preheat oven to 425 degrees. Trim fat from meat.
Place on rack in shallow pan. Insert meat thermometer.
Roast uncovered for 10 minutes.
Stir together preserve and mustard. 
Spread half over meat, and roast 15-25 minutes to 155 degrees.
Transfer meat to platter and cover with foil. Let stand 10 minutes.
Spray medium saucepan.(& olive oil) Add mushrooms and scallions.
Cook and stir 2-3 minutes till mushrooms are tender. 
Stir in remaining mustard and OJ. Cook till heated through.
Slice meat thinly and spoon sauce over it
Makes 4 servings; 240 calories Good with rice.
","Grammie","0","0","4","0","0",
"134",,"Cashew Pork Stir Fry","Pork,Chinese
","1 pound pork tenderloin
1 T. grated orange rind
¾ c. orange juice
1 T. cornstarch
3 T. soy sauce
1/3 c. corn syrup
¼ t. ground ginger
2 T. cooking oil, divided
2 large carrots, peeled and sliced diagonally
2 stalks celery, diagonally sliced
½ c. cashews
","Cut pork tenderloin into thin strips. Set aside. Combine next 6 ingredients, stirring well. Heat one T. oil in large skillet over medium heat. Add carrots and celery, stir-frying about 3 minutes. Remove veg., set aside. Pour remaining T. oil into skillet. Aedd pork, stir-frying about 3 minutes. Return veg. To pan, add OJ mixture and cashews. Cook stirring constantly over medium heat, until thickened. Serve over hot rice if desired.
","Grammie","0","0","4","0","0",
"135",,"Sesame butterfly Chops","Pork
","4 boneless pork chops, butterflied, about 1 pound
1 T. sesame oil
2 T. sesame seeds
1 t. dry ginger
2 T. soy sauce
¼ c. dry white wine
½ # fresh mushrooms, sliced
2 green onions and tops, sliced
1 t. butter
","Heat sesame oil in heavy skillet over medium heat. Add chops and brown, sprinkling with sesame seed and ginger. When both sides are browned, add soy sauce and white wine to skillet. Cover and cook over low for 10 minutes. Unclove skillet, add mushrooms and onions; stir gently to sauté, 1-2 minutes. Remove chops to serving platter. Add butter to pan, stir constantly to deglaze pan. Pour mushroom/onion sauce over chops and serve
","Grammie","0","0","4","0","0",
"136",,"Apricot Pork Medallions","Pork
","1 pound pork tenderloin
2 T. butter divided
½ cup dried apricots, chopped
2 green onions sliced
¼ t. dry ginger
1 t. wine vinegar
2 t. brown sugar
dash hot pepper sauce
","Cut tenderloin crosswise into 1 inch pieces. Flatten each piece slightly with heel of hand. Heat 1 T butter in large skillet over medium-high heat. Brown medallions about 2 minutes on each side. Add remaining tablespoon of butter. Cover and simmer for 3-4 minutes. Remove medallions to serving platter, spoon sauce over.
","Grammie","0","0","4","0","0",
"137",,"Three-way Chili","Hamburger","1 qt. cold water
2 # ground beef
1 t. cinnamon
½ t. cumin
2 t. salt
½ t. black pepper
1-1/2 t. ground allspice
1 T. chili powder
¼ t. red pepper
2 large bay leaves
1 t. Worcestershire sauce
1-1/2 T. apple cider vinegar
1-6 oz. can tomato paste
1 garlic toe
2 large onions, chopped","Cook for three hours or more 
Refrigerate, and when cold take off fat that accumulates on top.
Add 1 can red kidney beans
Reheat and serve on spaghetti
with grated cheese, chopped onions, oyster crackers.","Grammie","0","0","0","0","0",
"138",,"Apple Pear Stuffing","Casseroles,Breads,Holidays
","½ cup butter
2 large celery stalks, diced
1 medium onion, diced
2 medium sized pears
2 medium sized apples
½ cup golden raisins
1-8 oz. package herb-stuffing mix
½ cup pecans, chopped
1 t. dried sage leaves
½ t. cardamon
¾ t. salt
¼ c. water
Celery leaves and Thyme sprigs for garnish
","Heat butter, cook celery and onion till tender.
Peel and coarsely chop 2 pears and 2 apples.
Add these and raisins to celery mixture.
Cook 5 minutes, stirring often until fruit is tender.
Remove from heat and add rest of ingredients.
Toss until well mixed.
Bake in casserole, covered at 325 degrees for 40 minutes
","Grammie","0","40","0","0","0",
"139",,"Baked Bean Casserole","Pork,Casseroles
","1 or 2 large cans B & M Beans
1 or 2 cans Campbells Pork and Beans
","Spray casserole with Pam
Make layers of:
Beans
Little brown sugar
Powdered dry Mustard
Little Molasses
Cut up cooked bacon 4-6 slices
Slices of Onion
Keep repeating layers till all is used.
Bake at 325 degrees for 2 hours, stirring occasionally.
Using 1 or 2 cans depends on size of crowd.
","Grammie","0","120","0","0","0",
"140",,"Baked Spaghetti","Hamburger,Italian,Pasta,Casseroles
","1 cup chopped onion
1 cup chopped green pepper
1 Tab. butter
1-28 oz. can tomatoes with liquid, cut up, or can diced tomatoes
1-4 oz. can mushroom stems and pieces, drained
1-2 ¼ oz. sliced ripe olives, drained
2 teas. dried oregano
1 # ground beef, browned and drained. Optional
12 oz. spaghetti, cooked and drained
2 cups (8 oz.) shredded cheddar cheese
1-10 ¾ oz. Can cream of mushroom soup, undiluted
¼ cup water
¼ cup grated Parmesan cheese
","In a large skillet, sauté onion and green pepper in butter.
Add tomatoes, mushrooms, olives and oregano.
Add ground beef. Simmer uncovered for 10 minutes.
Place half the spaghetti in a greased 9x13 inch pan.
Top with half of the vegetable mixture.
Sprinkle with half of cheese. Repeat layers.
Mix the soup and water till smooth; pour over
casserole. Sprinkle with Parmesan cheese.
Bake uncovered at 350 for 30-35 minutes or until
Heated through. 12 servings
","Grammie","0","35","12","0","0",
"141",,"Cheeseburger Casserole","Hamburger,Casseroles
","1 pound lean ground beef 
½ teaspoon salt 
¼ teaspoon pepper
½ teaspoon Worcestershire Sauce
¼ cup chopped onion 
¼ cup chopped green bell pepper-optional
I (8-ounce) can tomato sauce 
4 slices processAmerican cheese or cheddar 
1 (6-ounce) can refrigerated biscuits
","Brown ground beef in a large skillet over medium heat, stirring until it crum¬bles; drain. 
Return beef to skillet. Stir in salt and next 3 ingredients; 
cook 1 minute. Add tomato sauce; reduce heat, and simmer 15 minutes
Spoon into an 8-inch square bak¬ing dish; top with cheese.
Flatten biscuits into 3 ½ inch cir¬cles, and place over cheese.
 Bake at 350° for 20 to 25 minutes or until biscuits are browned.
","Grammie","0","25","4","0","0",
"142",,"Company Casserole","Beef,Casseroles,Entertaining
","1/2 lb (4 cups cooked) curly egg noodles
1 tbsp butter
1 lb lean ground beef or bison
2 8-oz can tomato sauce
1 cup (8 oz) cottage cheese
1 8-oz package cream cheese, softened
1/4 cup sour cream
1/3 cup snipped green onions or chives
1 tbsp minced green pepper
2 tbsps melted butter
","Cook noodles and drain. Brown meat in 1 tablespoon butter. Stir in tomato sauce. Remove from heat.
In a large bowl, combine cottage cheese, cream cheese, sour cream, onions and green pepper.
In a 2-quart casserole dish, spread half the noodles, cover with cheese mixture, then cover with rest of noodles. Pour on melted butter, the meat mixture. Bake at 375 degrees uncovered, 30 minutes.
NOTE: A Browning family favorite from waaaaay back. We now use ground bison instead of beef.
","Grammie","0","30","5","0","0",
"143",,"Congressional Club Chile","Hamburger Casseroles","1 # ground beef
1 large onion, sliced
1 green pepper, chopped (optional)
1 or 2 (13 oz) cans diced or crushed tomatoes
1 T chili powder
1 ½ t. salt
1/8 t. paprika
Dash cayenne
3 cloves garlic 
1 bay leaf
1 (1# 14 oz) can kidney beans, drained","Brown meat, stirring to keep crumbly. Add onions, garlic,
and gr. pepper and cook till tender. Add tomatoes, salt,
paprika, cayenne, bay leaf and chili powder
Simmer UNCOVERED 2 hours, adding water if more liquid is needed.
Add beans and heat thoroughly.","Grammie","0","120","5","0","0",
"144",,"Edwardo's Chicago-Style Deep Dish Pizza","Hamburger,Italian,Breads
","Dough (Sicilian-style):
1 envelope active dry yeast
1 1/2 cups hotwater (120 degrees to 130 degress)
3 to 3 1/2 cups unsifted all-purpose unbleached flour
1/2 cup olive oil
1 tsp. salt
Stuffing & Topping:
1-2 pounds fresh spinach, washed, drained and coarsely chopped
3-4 clove garlic, finely chopped
1 small hot red or green pepper, halved and seeded
1 tsp. salt
1/2 tsp. pepper
1 tablespoon olive oil
cornmeal for pan
1 lb. mozzarella cheese, coarsely shredded
1 can (28 oz.) whole tomatoes, well drained and coarsely chopped (in food processor)
5 fresh basil leaves, chopped OR: 1 teaspoon leaf basil, crumbled (fresh best!)
1/2 cup grated Parmesan cheese
","1. Prepare dough: Sprinkle yeast over hot water in large bowl. Stir gently with fork till yeast is dissolved and liquid is light brown. Add 1 cup flour, oil and salt. Mix thoroughly with wooden spoon. Add second cup flour; mix until dough begins to come away from side of bowl and forms soft sticky mass - Ruth adds a little more flour.
2. Scrape dough onto floured board. Knead 1/3 cup flour, or more, into dough, a little at a time until no longer sticky. Knead until smooth and elastic; whole process about 5-10 minutes.
3. Place dough in lightly oiled bowl; turn to coat with oil. Cover with plastic wrap and let rise until doubled in bulk - 30-45 minutes.
4. Meanwhile, saute spinach, garlic, pepper, salt and pepper in oil in skillet just til spinach wilts. (Discard hot pepper, if using that.) Turn spinach into colander, squeeze out liquid. Chop spinach, set aside. Chop tomatoes and basil, set aside.
5. Preheat oven to very hot (500 degrees). Grease 15 inch deep-dish pizza pan and sprinkle with cornmeal.
6. Punch dough down. Turn onto board. Knead 1 minute. Return 1/3 of dough to bowl; cover. Roll out other 2/3s of dough into 18 inch circle. Fit into prepared pan, pressing and shaping dough up side of pan.
7. Combine spinach and mozzarella. Turn into crust - spread evenly.
8. Roll out remaining dough into 14 inch circle. Place on top and pinch side and top together; crimp edges. Cut slits in top for steam vents.
9. Let rise in warm place 15 minutes before baking.
10. Bake in preheated very hot oven (500 degrees) for 8 minutes. Lower temperature to 400 degrees. Bake 8 more minutes. Spoon tomatoes over top crust; sprinkle with basil and Parmesan. Bake 8-10 minutes longer or until golden brown.
Need a deep-dish pizza pan for this adaptation.
","Sandy","0","10","0","1","0",
"145",,"Golden Macaroni & Cheese","Pasta,Casseroles
","7 oz. macaroni
¼ cup butter
¼ cup flour
3 cups milk
2 cups grated cheddar cheese
½ teas. salt
½ teas. dry mustard
¼ teas. pepper
1 teas. Worcestershire sauce
","Melt butter in large saucepan; add flour, then gradually add milk stirring constantly. 
Add seasonings. Cook till thickened. Add 1 cup grated cheese. Stir till melted.
Cook macaroni, drain. Add to cheese sauce.
Turn into an 8 inch square baking pan. Sprinkle rest of cheese on top.
Bake at 375 degrees fir 125 minutes. Can be put under broiler for a minute to brown.
Watch it!!
","Grammie","0","0","0","0","0",
"146",,"Kielbasa with cabbage and fruit","Beef,Casseroles
","1 small head cabbage - 2 #
1 T. butter
1 medium onion, finely chopped
½ cup dry white wine
1 pkg. (8 oz.) mixed dry fruit
½ cup chicken broth
¼ t. dried thyme
¼ t. salt
¼ t. black pepper
1 fully cooked kielbasa cut into 1 inch pieces
","Cut cabbage into quarters, remove core. Thinly slice, discarding tough ribs.
In 8 qt. Dutch oven, melt butter over medium heat. Add onion and cook 5 minutes or until tender. Add wine, dried fruit and heat till boiling over high heat. Stir in broth, spices and cabbage. Cover and cook over high heat 5 minutes. Stir in kielbasa and cook 15 minutes longer, or until cabbage is tender and kielbasa is heated through.
","Grammie","0","0","6","0","0",
"147",,"Mock Cheese Souffle","Casseroles
","Softened butter for greasing dish
and spreading on bread
8 slices white sandwich bread, crusts removed
1 # sharp cheddar cheese, grated
4 large eggs beaten
½ t. salt
2 c. whole milk
2 t. Worcestershire sauce
Dash cayenne pepper
","Butter an 8 inch soufflé dish
Butter each slice of bread on one
side and cut in 4 squares
Layer half of bread, buttered side up,
in bottom of dish. Cover with half of
Grated cheese. Repeat.
Place remaining ingredients in a bowl
and mix well. Pour over the bread and cheese.
Cover with plastic wrap and refrigerate overnight.
Preheat oven to 350 degrees. Uncover and 
bake on center rack until the top is browned
and the soufflé is bubbling around the edges.
About 45 minutes.
","Grammie","0","45","0","0","0",
"148",,"Puerto Rico Rice and Beans via Mary","Mexican,Casseroles
","1/4 green pepper, diced
¼ onion, diced
clove of garlic, minced or pureed
1 big T. tomato paste
salt, pepper, oregano
1 can Luck's pinto beans 
","Saute in olive oil on medium heat: 
 1/4 green pepper, diced
 ¼ onion, diced
 clove of garlic, minced or pureed
Add and sauté on low:
1 big T. tomato paste
 salt, pepper, oregano
Add: can Luck's pinto beans 
 ½ ""bean can"" water
Simmer on low for 10 minutes, covered
Remove cover and reduce juice a little
While beans are simmering, make rice.
1 cup long grain rice to 2 cups water, salt and canola oil
cover and stir occasionally. When water is evaporated
and rice is tender, remove from heat. Place paper towel
on pan and return the cover on top of paper towel.
Left-overs are good.
If you want to serve meat with this dish, get thin steaks and
Pound thinner, mix salt, pepper, garlic powder, oregano, olive oil
and white vinegar. Put mixture on steaks for 1 hour.
In frying pan, place olive oil and thinly sliced onions.
Place steaks on top, cover and cook 10 - 15 minutes
","Grammie","0","0","0","0","0",
"149",,"Welch Rarebit","Casseroles,Breakfast
","2¼ c. hot milk
2 eggs
¾ t. salt
¾ t. dry mustard
¾ t. worcestershire sauce
¾ # cheddar cheese, cubed
Paprika
","Put all ingredients except paprika in blender.
Cover and run on high until smooth
Pur into top of double boiler; stir constantly
over hot water until thick. 
Serve on toasted English muffins or toast.
Sprinkle with paprika.
","Grammie","0","0","6","0","0",
"150",,"Apple Blossom Punch","Beverages
","3 12 oz. cans frozen Orange juice
3 quarts Apple Juice
3 quarts Ginger ale
","Serve over ice block or bag of cubes
Place ice ring in punch bowl when serving
Make ice ring with half OJ and half water and cut up oranges and cherries
","Grammie","0","0","0","0","0",
"151",,"Sea Breeze","Beverages
","64 oz cranberry juice
32 oz pink grapefruit juice
2 c. vodka
",,"Grammie","0","0","0","0","0",
"152",,"Fruited Mint Tea","Beverages
","3 c. Boiling water
4 regular size tea bags (I use decaf)
12 fresh mint sprigs
3/4 c. sugar
1/4 c. fresh lemon juice
1 c. orange juice
cold water to fill 2 quart jar
Garnishes: fresh mint sprigs, orange slices
","Pour boiling water over tea bags and mint;
cover and steep 5 minutes. Remove tea bags
and mint, squeezing gently. Stir in sugar till
melted, then add rest of ingredients. Serve
over ice. Yield: 2 quarts.
","Grammie","0","0","0","0","0",
"153",,"Hot Punch","Beverages
","2 large bottles Cranapple juice
1 large bottle gingerale
1 teas. cloves
1 cinnamon stick

","It is convenient to put it in a coffee pot to keep it warm.
","Grammie","0","0","0","0","0",
"154",,"Pineapple Frosty Punch","Beverages
","1 46 oz. can pineapple juice
1 can frozen lemonade mix
1 ½ quarts ginger ale
1 quart lemon sherbert
","Chill all ingredients, serve in punch bowl
","Grammie","0","0","0","0","0",
"155",,"Hidden Valley Cucumber Sandwiches","Vegetarian,Appetizers,Entertaining
","1 long cuke peeled and sliced
1 loaf party bread
dill
8 oz. cream cheese
3-4 T Hellmans
1 package Hidden Valley dressing mix (buttermilk)
","Mix 8 oz. cream cheese with 3-4 T Hellmans and
1 package Hidden Valley dressing mix (buttermilk)
Spread bread with creamed mixture, top with cuke slice
or two, top with sprinkle of dill.
If made ahead of time, put on plate, cover with wax paper, 
Another layer etc. then refrigerate
","Grammie","0","0","0","0","0",
"156",,"Nutty Cream Cheese Party Sandwiches","Appetizers,Entertaining
","½ c. coke
1 c. brown sugar
1 c. raisins
2 T. vegetable oil
2 c. flour
1 t. baking powder
1 t. soda
¼ t. salt
½ t. nutmeg
1 c. chopped walnuts
1 large egg, slightly beaten
1 t. vanilla
1 8 oz. container soft cream cheese
2 T/ honey
½ t. cinnamon
","Bring cola to a boil in medium saucepan. Remove from heat.
Stir in sugar, raisins and oil.
Combine flour and next 4 ingred. Stir in cola mixture,
Walnuts, egg, and vanilla. Pour into a greased 9x5
Inch loaf pan.
Bake at 350 degrees for 1 hour or until a wooden pick inserted in center comes 
Out clean. Cool in pan on wire rack for 20 minutes.
Remove from pan and cook completely.
Cover and chill 8 hours. Slice into ¼ inch slices.
Stir tog. cream cheese, honey and cinnamon; spread on half of the slices.
Top with remaining slices. Cut into thirds. Yield 30 sandwiches
","Grammie","0","0","0","0","0",
"157",,"Broccolli Rice Casserole","Vegetarian,Vegetables,Casseroles
","1 small onion chopped
½ cup chopped celery
1-10 oz. pkg. frozen chopped broccoli, thawed
1 Tab. butter
1 jar (8 oz.) processed cheese spread
1-10 ¾ oz. can cr. of mushroom soup
1 can (5 oz.) evaporated milk
3 cups cooked rice
","In a large skillet over medium heat, sauté onion,
Celery and broccoli in butter for 3-5 minutes. 
Stir in cheese, soup and milk until smooth. Place
Rice in a greased 8 inch square casserole. Pour
Cheese mixture over it. Do not stir. Bake uncovered
At 325 degrees for 25-30 minutes ;or until hot and 
Bubbly. Yield 8-10 servings.
","Grammie","0","0","9","0","0",
"158",,"Cauliflower Buds","Vegetables
","1/4 cauliflower
1/8 water
2 T. oil
salt, pepper and fresh nutmeg
","Make small buds-1/4 cauliflower
Place in fry pan on stove
1/8 inch water
2 T. oil
Saute 3ish minutes. Drain:
Place in bowl
Add salt, pepper and fresh nutmeg
","Grammie","0","0","0","0","0",
"159",,"Cream Cheese Potatos","Vegetables
","10 potatoes, boiled
½ c. melted butter
1 t. salt
1 T. instant onion flakes
1- 8 oz. cream cheese
 ½ to 1 c. hot milk, depending on size of potatoes
","Whip potatoes then add remaining ingredients.
Blend well.
Bake at 325 degrees for 25 minutes covered.
","Joyce McCrate","0","25","8","0","0",
"160",,"Creamy Chive Potatoes","Vegetables
","5 pounds russet potatoes, peeled and quartered
½ cup butter
8 oz sour cream (1 c.)
¼ - ½ c. whipping cream
3 T. minced fresh chives
1 ½ t. salt
1 t. onion powder
½ t. pepper
","Cook potato in boiling water to cover, 25 min or till tender.
Drain
Add remaining ingredients to potato; mash till smooth
Can be made ahead and refrigerated. To reheat, cook over low 
Heat stirring in additional cream if needed. Microwave?
","Grammie","20","25","8","0","0",
"161",,"Green Bean Cashew Shuffle","Vegetables
","1 pound fresh green beans
1 T. cooking oil
½ cup sliced onion
1/3 cup dry white wine or chicken broth
¼ to ½ t. salt
¼ t. ground white pepper
½ cup cashew halves
½ cup half and half
½ cup soft bread crumbs
","Preheat oven to 350 degrees. Cut beans into 1 inch pieces. Cook covered in a small amount of boiling water for 5 minutes. Drain and set aside.
In a large skillet, heat oil over medium high heat. Cook onion, uncovered, in hot oil for 4-5 minutes or until golden brown. Slowly add wine or broth, salt, and pepper. Cook for 2 minutes or until liquid is nearly evaporated. Add ¼ c. cashews and cream. Bring to boiling. Reduce heat to medium. Cook uncovered for three minutes.
Stir in cooked beans. Spoon into 1 ½ quart casserole. Top with crumbs and remaining cashews. Bake, uncovered, for 25-30 minutes or until top browns and mixture is heated through. Makes 6 side-dish servings.
","Grammie","0","30","6","0","0",
"162",,"Green Bean Casserole","Vegetables,Casseroles
","18 oz. green beans; French cut drained
1 can mushroom soup
1 can onion rings Save a few for top of casserole
1/8 t. pepper
","Mix ingredients and bake for 30 minutes at 350 degrees
Top with rest of onion rings. 
Bake 5 minutes longer
","Grammie","0","35","0","0","0",
"163",,"Hashbrown Casserole","Vegetables,Casseroles
","1 (26-32 oz) frozen hash brown potatoes, thawed
1 can cream of chicken soup
1 cup sour cream
2 cups grated cheddar cheese (8 oz.)
½ cup butter, melted
1½ teas. salt
1 medium onion diced
Topping
Mix together
2 cups crushed corn flakes
¼ cup melted butter
","Mix the first 7 items together and put in a 9 x 13 inch greased baking dish. I use Pam.Add topping and cover with foil. Bake 45-55 minutes in 350 degree oven. 
Casserole should arrive at church HOT and ready to serve 5:30 PM This is when dinner starts so please be prompt with casseroles.
","Grammie","0","55","0","1","2",
"164",,"Lemon Carrot Bundles","Vegetables
","1-1/2 # carrots peeled
6 leek strips
2 T. sugar
1/3 c. lemon juice 
1/4 t. salt
","Cut carrots into 3 julienne sticks. Arrange carrots on a
steaming rack and place over boiling water; cover & steam
8-10 minutes. Remove carrots and plunge into ice water to 
stop cooking process; drain. Separate into 6 bundles
Place leak strips in boiling water for 1 min. Drain. Carefully
tie a leek strip around each carrot bundle.
Combine LJ, S & S. Bring to a boil. Reduce heat and simmer
1 minute or until sugar dissolves. Carefully add carrot bundles
and cook over medium heat 3 minutes or till heated, spooning
lemon mixture over carrots frequently.
","Grammie","0","0","6","0","0",
"165",,"Marinated Asparagus","Vegetables,Entertaining
","2 # fresh asparagus
¾ c. olive oil
1 T. sugar
½ c. white balsamic vinegar
4 cloves garlic, minced
1 t. red pepper flakes
","Snap off tough ends of asparagus, and cook in boiling water to cover for 3 minutes or until crisp tender. Drain.
Plunge into ice water, drain. Arrange in a 13 x 9 dish.
Whisk together rest of ingred. Until well blended. Pour over asparagus. Cover, chill 8 hours. Drain before serving.
","Grammie","15","0","5","0","0",
"166",,"Sweet onions stuffed with broccoli","Vegetables
","3 med. Vidalia onions
1-10 oz. pkg. chopped broccoli
2/3 c. parmesan cheese
1/4 c. mayonnaise
2 t. lemon juice
2 Tab. flour
2 Tab. margerine
1/4 t. salt
2/3 c. milk
1-3 oz pkg. cream cheese, softened
","Peel and halve onions. Parboil in salted water twelve minutes;
drain. Remove centers leaving 3/4 inch edge. Chop center
portions to equal one cup. Cook broccoli according to package
directions; drain. Combine chopped onions, broccoli, parmesan
cheese, mayonnaise and lemon juice. Spoon into centers of
onion halves. Melt margerine. Blend in flour and salt. Add milk
and cook until thick, stirring constantly. Remove from heat and
blend in cream cheese. Spoon sauce over onion halves and
bake, uncovered at 375 degrees. Bake for 20 minutes. Makes
6 servings. Can be served with beef, poultry or fish. Delicious.
","Grammie","0","20","6","0","0",
"167",,"Orange Glazed Carrots","Vegetables
","1 # carrots (5 or 6 or baby carrots)
2 Tbs. Butter
1/3 cup orange juice
¼ cup brown sugar
","Peel carrots: cut in half crosswise then again lengthwise.
Cook in small amount of salted water until tender.
Drain..
Cook butter, oj and brown sugar until syrupy, about 8-10 min.
Pour over carrots.
","Grammie","0","10","0","0","0",
"168",,"Peas Extraordinaire","Vegetables
","1 pound frozen baby peas, thawed and uncooked 
1/2 cup bacon, cooked and crumbled
1 8oz can water chestnuts, drained and chopped
1/4 cup onion, chopped
1 cup cream of celery soup
1 cup herb stuffing
2 Tablespoons melted butter
1/4 cup sherry (optional)
","Preheat oven to 350 degrees
Spread peas over the bottom of a greased, 1 quart casserole dish. Combine bacon, water chestnuts, onion and soup. Spoon over peas. Sprinkle stuffing over mixture. Drizzle butter over stuffing. Pour sherry over top. Bake for 30 minutes.
","Grammie","0","30","6","0","0",
"169",,"Pilaf","Vegetables
","Butter
Handful broken vermicelli-brown. 
Long grain rice.
Onion soup or chicken broth
Salt
","Melt 1/8# butter, handful broken vermicelli-brown. 
Add 1 cup long grain rice.
Stir and brown.
Make onion soup, using 2 ½ c. water.
Pour soup into rice. Cook on top of stove 25 min.
In oven, 40 min. Better 2nd day
Or
Melt ¼# butter, add handful crushed vermicelli.
1 c. long grain rice, Brown slightly. 
Add 2 ½ c. chicken broth.
Salt to taste. Cook as above.
","Grammie","0","0","0","0","0",
"170",,"Pineapple Casserole","Vegetables,Casseroles
","5 slices white bread
2 1/2 cups crushed pineapple
2 well beaten eggs
1 c. sugar
3 T. flour
","Remove crusts and cube 5 slices white bread
Saute on med. heat in ¼ c butter till crisp
Put in jar and store in refrig. till needed. Can do a day ahead.
Mix a 2 ½ c. crushed pineapple, slightly drained with
2 well beaten eggs, 1 c. sugar, 3 T. flour
Put in flat casserole, (may be refrigerated at this point) 
Put bread cubes on top just before baking
Bake at 350 degrees for 30 minutes. Serves 4
May be doubled. And bake for 40 minutes
","Grammie","0","0","9","0","0",
"171",,"Rice Baked in Chicken Stock","Vegetables,Casseroles
","½ chopped onion
2 cloves of garlic
¼ cup butter + 2T
1 cup long grain rice
2 cups chicken broth or stock
","Preheat oven to 375 degrees
Saute ½ chopped onion and 2 cloves of garlic, diced
In ¼ cup butter until translucent. Add and stir until well coated:
1 cup long grain rice
Add: 2 cups boiling chicken broth or stock.
Cover and bake 25 minutes
Gently mix with rice, 2T. melted butter
Serve at once.
Can add pine nuts. Golden raisins, dried cranberries etc.
","Grammie","0","0","0","0","0",
"172",,"Sweet Onion Casserole","Vegetables,Casseroles
","1 ½ # Vidalia onions (about 3 large)
sliced and separated into rings
1 c. whipping cream
1 large egg
¾ t. salt
½ t. pepper
½ cup (2 ounces) shredded sharp cheddar cheese
½ t. paprika
","Cook onion in dutch oven in boiling water to cover for 1 minute. Drain
Place in lightly greased 8 inch baking pan
Whisk together cream and next three ingred. Pour over onion.
Sprinkle with cheese and paprika
Bake at 350 degrees for 25 minutes.
","Grammie","0","25","4","0","0",
"173",,"Three Cheese Mashed Potatoes","Vegetables,Casseroles
","2 large potatoes, peeled and cubed
½ c, sour cream
3 oz pkg cream cheese
2 T. butter, softened
1/3 c, milk
¼ c. shredded Cheddar Cheese
¼ c. shredded Muenster cheese
1 t. salt
½ t. pepper
1 T. butter, cut up
","Cook potato in boiling water to cover for 15 min till tender.
Beat potato, sour cream, cream cheese, and 2 T butter
at med speed until smooth. Stir in milk and next 4 ingred.
Spoon into lightly greased 1 quart baking dish; Dot with
1 T. butter. Cover and chill 8 hours, if desired; remove
from refrig and let stand 30 minutes.Bake at 400 for
15 to 20 minutes
","Grammie","0","20","0","0","0",
"174",,"White Truffle Potatoes","Vegetables
","The ultimate Italian style potato with grilled steak.
3 large Yukon Gold potatoes
(or 2 large Russet Potatoes)
1/2 cup whole milk or cream
1/2 stick butter
2-3 tsp. White Truffle Oil (olio tartufo bianco)
Sea salt and fresh ground pepper to taste
","Peel potatoes and boil whole until a fork can pierce the center and then
release easily, about 40 minutes. If you are unsure, better to over-cook a
little than undercook. While potatoes cook, heat milk or cream and butter
in microwave until steaming hot.
Remove potatoes and mash in a mixing bowl. Add cream and butter mixture and
whip with an electric mixer until smooth. Add truffle oil and season to
taste with salt and pepper, whipping until well blended.
","Sandy","0","0","0","0","0",
"175",,"Vidalia Onion and Rice casserole","Vegetables,Casseroles
","6 large Vidalia onions
1/2 cup uncooked rice
1 cup grated swiss chesse
2/3 cup half & half
salt & pepper
","6 large Vidalia onions cut into chunks Saute till limp, not brown in ¼ cup butter, covered. Stir often. 
½ cup uncooked rice in 1 cup boiling salted water- Boil 5 minutes
1 cup grated swiss cheese 2/3 cup half and half cream
Add cooked rice to onion mixture, then cheese and cream. Salt and Pepper if desired
Put in 2 quart greased casserole. Cover.
Bake 1 hour at 325 degrees
","Grammie","0","60","0","0","0",
"176",,,"Desserts,Cookies,Breads
"," 2 cups all-purpose flour 
 1 teaspoon baking powder 
 1/4 teaspoon salt 
 1 cup sugar 
 1/2 cup LAND O LAKES® Butter, softened 
 3/4 teaspoon almond extract 
 2 eggs 
 1 cup dried apricots, chopped 
 3/4 cup chopped slivered almonds toasted 
","Heat oven to 350°. Stir together flour, baking powder and salt in small bowl. Set aside.
Combine sugar, butter and almond extract in large mixer bowl. Beat at medium speed, scraping bowl often, until well mixed (1 to 2 minutes). Continue beating, adding eggs 1 at a time, until creamy (1 minute). Stir in apricots and almonds by hand. Gently stir in flour mixture just until dough forms.
Divide dough in half. Shape each half of dough on lightly floured surface into 12x1 1/2-inch log. Place logs about 4 inches apart on lightly greased large cookie sheet. Flatten each log to 2-inch width. Bake for 25 to 30 minutes or until logs begin to crack and edges begin to brown. Let stand 10 minutes on cookie sheet.
Reduce oven to 300°. Carefully cut logs diagonally into 1/2-inch slices with serrated knife. Place slices on same cookie sheet, cut-side down. Bake for 20 to 25 minutes, turning once, or until crisp and very light brown on both sides. Place on cooling racks. Cool completely.
Sprinkle cooled cookies with sifted powdered sugar. Store in loosely covered jar.
TIPS:
To toast almonds, spread evenly in shallow baking pan. Bake at 350° for 4 to 8 minutes, stirring once, or until lightly browned. Cool completely
Use the Mediterranean variety of dried apricots for best results. You'll find them in the baking section of large supermarkets.
To cut apricots easily, use kitchen shears.
To prevent breakage while slicing, lightly hold each side of log to support edges.
Yield: 3 dozen cookies
1 cookie = 100 calories
","Grammie","30","60","0","0","0",
"177",,"APRICOT ALMOND BISCOTTI","Desserts,Cookies,Breads
"," 2 cups all-purpose flour 
 1 teaspoon baking powder 
 1/4 teaspoon salt 
 1 cup sugar 
 1/2 cup LAND O LAKES® Butter, softened 
 3/4 teaspoon almond extract 
 2 eggs 
 1 cup dried apricots, chopped 
 3/4 cup chopped slivered almonds toasted 
","Heat oven to 350°. Stir together flour, baking powder and salt in small bowl. Set aside.
Combine sugar, butter and almond extract in large mixer bowl. Beat at medium speed, scraping bowl often, until well mixed (1 to 2 minutes). Continue beating, adding eggs 1 at a time, until creamy (1 minute). Stir in apricots and almonds by hand. Gently stir in flour mixture just until dough forms.
Divide dough in half. Shape each half of dough on lightly floured surface into 12x1 1/2-inch log. Place logs about 4 inches apart on lightly greased large cookie sheet. Flatten each log to 2-inch width. Bake for 25 to 30 minutes or until logs begin to crack and edges begin to brown. Let stand 10 minutes on cookie sheet.
Reduce oven to 300°. Carefully cut logs diagonally into 1/2-inch slices with serrated knife. Place slices on same cookie sheet, cut-side down. Bake for 20 to 25 minutes, turning once, or until crisp and very light brown on both sides. Place on cooling racks. Cool completely.
Sprinkle cooled cookies with sifted powdered sugar. Store in loosely covered jar.
TIPS:
To toast almonds, spread evenly in shallow baking pan. Bake at 350° for 4 to 8 minutes, stirring once, or until lightly browned. Cool completely
Use the Mediterranean variety of dried apricots for best results. You'll find them in the baking section of large supermarkets.
To cut apricots easily, use kitchen shears.
To prevent breakage while slicing, lightly hold each side of log to support edges.
Yield: 3 dozen cookies
1 cookie = 100 calories
","Grammie","30","60","0","0","0",
"178",,"Lois' Biscuits","Breads
","2 cups flour
3 teaspoons baking powder
1 teaspoon salt (go lightly)
6-8 tablespoons butter/oleo/shortening - whatever
1/4 cup sugar (more or less) (not necessary, but we think it adds taste)
3/4 to 1 cup cold milk - added to five chilled ingredients above just before baking
","Put first four ingredients in a bowl. Cut in butter to small pieces (I usually throw it in in big lumps and use my hands to break it up which makes ingredients too warm so I make them early in day and put the bowl in the refrigerator until just before baking)

When ready to bake:
Heat oven to 450 degrees. Lightly grease a flat baking pan. Add 3/4 to 1 cup milk and mix very lightly. When it's almost mixed put it on a lightly floured surface and pat into shape for cutting. Do not pick up dough again. Just push it around to keep making it ready for the biscuit cutter. Place on lightly greased flat baking pan. Put a small dab of butter on top of each biscuit (trick from Ruth's mother) and pop into fully heated oven.

Bake 12-15 minutes or until brown. Remove immediately. Enjoy.

Hints: Any leftover biscuits are great split in half and toasted on a grille for breakfast with jelly/jam, etc.
More sugar if you use these for strawberry shortcake or for any dessert base. Doubles well. Have fun. They've become a staple in our home.

Secret is the less handling the better. Everything should be cold.
","Lois","0","0","0","0","0",
"179",,"Blueberry Pan Muffins","Breads
","½ cup butter at room temperature (calls for unsalted, I used regular)
1 cup sugar
2 eggs
3/4 cup milk
2 cups flour
2 teas. baking powder
½ teas. salt
2 cups blueberries
sugar for (sprinkling)
","Set oven to 375 degrees. Grease and flour (I used Baker's Joy) an 8 inch square pan.
Beat the butter, sugar, then eggs and milk with electric beater until combined.
Add dry ingredients and mix just until the dry ingredients are moistened. By hand, fold in blueberries. 

Put several scoops of flour into a large shallow bowl. Use a large soup spoon to lift a heaping portion of batter out of the batter bowl and transfer it to the flour. With your hands, coat the batter with the flour, then lift it out of the flour bowl and transfer it from one hand to the other to remove excess flour.

Place the muffin in the corner of the prepared pan. Continue making floured balls of batter, overlapping them in pan until you have 14. 

Sprinkle the balls with sugar and transfer to hot oven. Bake for 45 to 50 minutes, or until a skewer or toothpick inserted into the cake comes out clean.

Remove the pan from the oven, set on a wire rack and let it cool for 10 minutes. Use the tines of a fork to separate the muffins. Turn the block of muffins out of the pan, then turn the muffins right side up and return them to the rack.

Separate them carefully.
","Grammie","0","0","0","0","0",
"180",,"Cherry-ful muffins","Breads
","½ cup (1 stick) butter at room temperature
1 cup sugar
2 large eggs
1 teas. vanilla
2 teas. baking powder
¼ teas. salt
about 2 cups dried cherries
2 cups flour
1 cup milk
1 Tab. sugar mixed with ¼ teas. freshly grated nutmeg
4 Tab. orange juice
","Place dried cherries in oven proof dish with orange juice. Cover with foil; place in pre-heated oven 350 degrees for 10 minutes. Grease 12 muffin cups including area between the cups. In medium bowl, beat butter until creamy, beat in sugar until pale and fluffy. Beat in eggs, one at a time, beat in vanilla, baking powder and salt. Mix ½ of milk into batter. Fold in ½ of flour, then rest of milk, then rest of flour. Fold in cherries after draining off any extra juice. Scoop batter into muffin cups, sprinkle with nutmeg and sugar mixture. Bake 25 to 30 minutes or until golden brown. Let muffins cool 30 minutes in pan before removing (I did it for 10 minutes.)
Good served with honey butter.
","Grammie","0","30","0","0","0",
"181",,"Cranberry Bread","Breads
","2 c. flour sifted
1 cup sugar
1 ½ t. baking powder
½ t. baking soda
½ t. salt
1/4 c. shortning (I used Crisco)
1 egg beaten
3/4 c. orange juice
 1 T. grated orange rind (use my grater)
2 c. chopped cranberries
¾ c. pecan pieces
","Sift dry ingredients. Cut in crisco till coarse meal.
Stir egg, oj, and rind together.
Add to dry ingredients.
Stir well. Fold in cran & pecans
Pour into greased and floured 9 x 5 pan.
Bake at 350 for an hour or until toothpick comes out clean.
","Grammie","0","0","0","0","0",
"182",,"French Bread","Breads
","1 Tab. salt.
1 Tab. sugar
2 Tab. shortening
1 cup boiling water
¾ cup cold water
1 package yeast
¼ cup warm water
5-51/2 cups flour
1 egg white, beaten
","Mix sugar, salt, shortening and boiling water.
To this mixture, add cold water and package of yeast
Which has been dissolved in the warm water.
Mix well using dough beaters, add flour slowly.
Knead in bowl, put on surface and knead a little
More. Put in a greased bowl. Cover and let rise
About an hour. I put in cold oven with pan of hot
Water under it.
After rising, divide dough into 2 portions. Roll each 
To about 10 x 15. Roll up in jelly roll fashion starting
At long end. Pinch ends together and put on greased
French bread pan. Brush with beaten egg and make 6 
Diagonal slashes across the top of each loaf.
Let rise an hour. Bake at 375 degrees for 20 minutes.
Brush again with egg white and reduce heat to 350 and bake 
Another 20 minutes. Let cool and cut through slashes.
","A Cooking Affaire II","0","0","0","0","0",
"183",,"Pull Apart Rolls","Breads
","1 package hot roll mix
1 extra egg yolk
½ c. sugar
1 ½ t. cinnamon
¼ c. chopped pecans
¼ c. melted butter
","Grease tube pan. Make up hot roll mix as directed adding extra yolk. 
Let rise until doubled about an hour.
Divide dough into 24-28 pieces. In small bowl, mix cin., sugar and pecans.
Dip each piece in melted butter, then in sugar mixture.
Layer in pan. Sprinkle rest of sugar mix on top. Cover. Let rise until doubled: 45 - 60 minutes. Cover outside of pan with tinfoil. Bake about 1 hour at 350 degrees.
When done, invert on serving plate.
","Grammie","0","0","0","0","0",
"184",,"Sour Cream Coffee Cake","Breakfast,Breads
","Beat: 2 sticks butter
Cream: 2 cups sugar
Add: 2 eggs, beaten
 1 cup sour cream
 1 Tab. vanilla
Fold 2 cups flour mixed with 
 In: 1 Tab. Baking Powder &
 ¼ t. salt
Topping
1-1/3 c. chopped pecan
½ c. sugar
2 t. cinnamon
","Grease bundt pan. Place some of topping,
Half of batter, more topping,
Rest of batter, small sprinkle of topping. I dont use it all.
Usually divide it in two and freeze half for the next coffee cake.
Bake at 350 degrees for 60 minutes.
","Grammie","0","60","0","0","0",
"185",,"Almond Brittle","Desserts,Cookies
","1 c. sugar
½ c. light corn syrup
¼ t. salt
1 10 oz pkg slivered almonds (2 ¼ c.)
¼ c. water
2 Tab. butter (1/4 stick)
1 t. baking soda
","Lightly butter large cookie sheet. In heavy 2-qt. saucepan over medium heat, heat sugar, corn syrup, salt and ¼ c. water to boiling, stirring constantly until sugar completely dissolves. Stir in almonds. Set candy thermometer in place and continue cooking, stirring frequently, until temperature reaches 300 degrees or hard crack stage. (about 20 minutes). As mixture begins to darken, stir constantly.
Remove saucepan from heat; stir in butter and baking soda; immediately pour onto cookie sheet. With two forks, quickly pull almond mixture into rectangle about 12 in. x 14 in. Cool brittle completely on cookie sheet on wire rack. With hands, break brittle into small pieces. Store in tightly covered container. Makes 16 servings, about 195 calories per serving.
","Grammie","0","0","16","0","0",
"186",,"St. Paul's Carmels","Desserts
","1 pound butter
2 pounds brown sugar
1 bottle (2 cups) light Karo
2 cans Eagle Brand condensed milk
1 Tab. vanilla
","Use a candy thermometer and a heavy cooking container. Bottom part of a pressure cooker is ideal. 
Over low heat, cook to 240 degrees, stirring constantly.
Butter WELL a jelly roll pan. Pour candy into pan. Let stand for a day in the refrigerator until firmly set. Turn out onto a cutting board (marble if possible) and cut into bite size pieces (1inch). Wrap individually in 3-1/2 x 4 inch wax paper and store in refrigerator.
Iron bottom of pan to remove candy easily.
Score candy before cutting to know where cuts should be.
","Grammie","0","0","0","0","0",
"187",,"Mamie's Favorite Fudge","Desserts
","1 tall can (1-2/3 c.) evaporated milk
2 Tab. butter
4 ½ c. sugar
dash salt
2 c. semi-sweet choc. bits
3 bars (4 oz. each) sweet cooking chocolate
1 pint marshmallow cream
2 c. chop pecans
","Combine milk, butter, sugar and salt. Bring to a vigorous boil,
Stirring often; then reduce heat and simmer 5 minutes. Place 
Remaining ingred. (except pecans) in a large bowl. Gradually
Pour boiling syrup over the choc-marsh. mixture and beat
Until choc. is melted. Stir in nuts. Pour into buttered pan 
And store in a cool place.
","Grammie","0","0","0","0","0",
"188",,"ANGEL NO FAT COOKIES","Desserts,Cookies
","1 package angel cake mix
½ cup water
1 cup dried cranberries
","Use parchment paper- Drop by teaspoon
On one pan - cover rest of batter
Bake 8-10 minutes at 350-375 degrees
","Grammie","0","10","0","0","0",
"189",,"Buckeyes","Desserts,Cookies
","2 sticks butter (not margerine)
1 # confectioners sugar
1 cup peanut butter
1 cup graham crackers (crushed)
1 cup ground nuts (I use pecans)
","Mix all ingredients and chill.
Melt 1 1/2 cups chocolate chips and 1/4 bar paraffin wax.
Shape chilled mix into balls. Refrigerate. Dip with toothpick into 
chocolate. Leave a little section uncovered to 
resemble buckeyes. Close toothpick hole with
finger. I put finished cookies on waxed paper and
chill before putting into a cookie box separating
layers with wax paper.
Will keep in refrig. for months!
","Grammie","0","0","0","0","0",
"190",,"Chocolate Cappuccino Cookies","Desserts,Cookies
","2 cups butter, softened
4 cups firmly packed light brown sugar
4 large eggs
5 ½ cups flour
1 cup cocoa
1 teas salt
1 teas. baking powder
1 teas. baking soda
¼ c. instant coffee granules
1 10 oz. package Hersheys Cinnamon Chips
","Beat butter at medium speed (in your largest bowl) until creamy.
Gradually add brown sugar beating well.
Add eggs, beating until blended.
Combine flour and next 5 ingredients. Gradually add to butter mixture,
beating at low speed just until blended.
Stir in cinnamon chips.
Drop dough by teaspoonfuls 2 inches apart on lightly greased baking sheet.
Bake at 350 degrees in batches for 8 to 10 minutes and cool on wire racks.
Makes 8 dozen.
","Grammie","0","0","0","0","0",
"191",,"Chocolate Caramel Goodies","Desserts,Cookies
","Melt in microwave:
50 caramels (1# bag)
1/3 cup evaporated milk
Mix together:
1 German Chocolate cake mix
¾ cup butter melted
1/3 cup evaporated milk
1 cup chocolate chips
1 cup chopped pecans
","Grease and flour (Bakers Joy) 9 x 13 pan.
Spread half of mix into pan.
Bake 6 minutes at 350 degrees.
Sprinkle chips and nuts on top.
Spread with caramel.
Top with remaining mixture
Bake 20-25 minutes at 350 degrees
Cool before cutting.
","Judy","0","0","0","0","0",
"192",,"Chocolate Grahams","Desserts,Cookies
","1 c. semi sweet choc bits
1 can condensed milk
1 teas. vanilla 
2 cups crushed graham crackers
","preparation--crush graham crackers
Line sheets with parchment paper or special pad. 
Turn on oven to 350°
melt 1 c. semi sweet choc bits
add 1 can condensed milk
add 1 teas. vanilla 
add 2 cups crushed graham crackers
Drop using cookie dropper or 1 teas. onto pan
Bake exactly 10 minutes
","Grammie","0","10","0","2","3",
"193",,"Chocolate-covered Cherry Cookies","Desserts,Cookies
","1 (10 oz.) jar maraschino cherries
½ c. butter, softened
1 cup sugar
1 large egg
1 ½ teas. vanilla 
1 ½ cups flour
½ cup cocoa
¼ teas. baking powder
¼ teas. baking soda
¼ teas. salt
1 cup (6 oz.) semi-sweet choc. Chips
½ cup sweetened condensed milk
","DRAIN cherries, reserving 3 teaspoons juice.
Cut cherries in half, and set aside.
BEAT butter and sugar at medium speed
With mixer until creamy; add egg, vanilla,
Add 2 teas. reserved cherry juice, beating
Until blended. Combine flour and next 4 ingredients
Gradually add flour to butter mixture, beating
Until blended after each addition. Shape dough
Into 1 inch balls using cookie scoop, and place
On ungreased baking sheets. Press center of each ball 
With thumb, and place one cherry (rounded side up)
In each indentation.
COOK chocolate and milk in a small saucepan
Over low heat, stirring until melted. Stir in
Remaining 1 teas. cherry juice. Cool slightly. 
Spoon 1 teas. mixture over each cherry half,
BAKE at 350 degrees for 10 minutes.
Freeze up to 3 months. YIELD: 6 dozen
","Grammie","0","0","0","0","0",
"194",,"Cranberry Bars","Desserts,Cookies
","1 c. flour + 2 T.
1 1/4 c. sugar + 2 T.
1 cup finely chopped pecans
2 eggs
2 Tab. milk
1 Tab. finely grated orange peel
1 t. vanilla
1 cup chopped cranberries
½ cup coconut.
","1 c. flour
2 Tab. sugar
1 cup finely chopped pecans (separated)
Using half of pecans, mix with rest of ingredients.
Press into ungreased 9 x 13 pan
Bake at 350 degrees for 15 minutes
Mix 1 ¼ c sugar, 2 Tab. flour, 2 eggs, beaten,
2 Tab. milk, 1 Tab. finely grated orange peel,
1 t. vanilla
Fold in 1 cup chopped cranberries, ½ cup coconut.
And rest of pecans.
Put on top of crust and bake 25 minutes until golden.
Cut while slightly warm.
Can be done a day ahead. 
","Grammie","0","0","0","0","0",
"195",,"Honey-Ginger Snaps","Desserts,Cookies
","1/2 c. honey
1 stick butter
1/2 c. sugar
1 egg
2 c. flour
2 t. soda
1/2 t. salt
1 t. ginger
1 t. cinnamon
1/2 t. cloves
","Preheat oven to 375°. Cream 1/2 c. honey, 1 stick butter, 1/2 c. sugar. 1 egg. Sift tog. and add 2 c. flour, 2 t. soda, 1/2 t. salt, 1 t. ginger, 1 t. cinnamon, 1/2 t. cloves. Chill 1 hour. Roll 1 T. of dough into balls and place 2 inches apart on greased cookie sheet. Bake for 10-12 minutes. Makes about 4 doz.
","Dianne Mott Davidson","0","0","0","0","0",
"196",,"Dungeon Bars","Desserts,Cookies
","2 sticks unsalted butter
1/2 c. each of brown and white sugars
2 eggs
2 t. vanilla
1 c. flour
1/2 t. salt
1/4 t. soda
1 c. each of oats and raisins
","Cream 2 sticks unsalted butter with 1/2 c. each of brown and white sugars. Beat in 2 eggs and 2 t. vanilla. Add 1 c. flour, 1/2 t. salt, and 1/4 t. soda. Stir in 1 c. each of oats and raisins. Spread in greased 9x13 inch pan Bake 1/2 hour at 350° Cool slightly and cut into 32 bars.
","Dianne Mott Davidson","0","0","0","0","0",
"197",,"Red and Whites ","Desserts,Cookies
","2 sticks unsalted butter
1-3 oz. pkg. cream cheese, softened
1/2 c. sugar
1 t. vanila
2 c. flour
36 small ripe strawberries
","Preheat oven to 350°. Beat the butter with the cream cheese until well blended. Beat in the sugar and vanilla, then stir in the flour until well mixed. Using a 1/2 T. measure, shape into small balls and place 2 inches apart on ungreased cookie sheet. Make a small indentation in top of each cookie with your thumb. Carefully place a strawberry half, cut side down, in each indentation. Bake for 12 to 18 min. or until very lightly browned. Cool on racks. Makes 5 dozen.
","Dianne Mott Davidson","0","0","0","0","0",
"198",,"Ginger Cookies","Desserts,Cookies
","12 T butter (1-1/2 sticks)
1 c. sugar
1/4 c. molasses
1 egg
Sift dry ingredients together:
1 3/4 c. unbleached flour
1/2 t. cloves, ginger, salt, baking powder
1 t. cinnamon
","Melt butter, add sugar & molasses, beat thoroughly. 
Add egg, blend well. Add dry ingredients.
Drop by teaspoon on parchment. Bake.
","Grammie","0","0","0","0","0",
"199",,"Ginger Snaps","Desserts,Cookies
","2 cups all purpose flour
1 T. ground ginger
1 t. baking soda
1 t. ground cinnamon
¼ t. salt
2/3 c. sugar
½ c. molasses
1/3 cup Crisco or melted butter (or a mixture)
1 large egg
Water for moistening hands
","Preheat oven to 350 degrees. Grease 2 baking sheets.
Stir together flour, ginger, soda, cinnamon and salt in a small bowl.
Beat together sugar, molasses, shortening and egg in a large bowl.
Stir in dry ingredients until well blended.
On a sheet of wax paper, divide dough into 48 mounds.
With well-moistened hands, roll dough mounds into balls and place
2 inches apart on baking sheet.
Bake 10-12 minutes or until firm and crinkled.
Remove from oven and place on wire racks to cool.
Repeat with remaining dough. 
After cooled, pack in an airtight container.
Makes 48 cookies
","Grammie","0","0","0","0","0",
"200",,"Jumbo Ginger Snaps","Desserts,Cookies
","sugar
2-1/4 c. flour
3/4 c. salad oil
1/4 c. molasses
1/4 c. maple syrup
2 t. baking soda
1 t. ginger
1/2 t. cinnamon
1/2 t. cardamon
1/4 t. salt
1 large egg
","Into large bowl measure 1/2 c. sugar and remaining ingredients. With mixer at low speed, beat ingredients until well blended. Preheat oven to 350 degrees. Place 2 T. sugar on piece of waxed paper.
Using 1/4 c. measure, measure dough, make into ball and roll into sugar. Place 3 inches apart on ungreased cookie sheet. (Dough is very soft and will flatten slightly.) Repeat using all of dough. Makes about 12 cookies. Bake 15 minutes. With pancake turner, remove cookies to wire racks to cool. Store cookies in tightly covered container.
","Grammie","0","0","0","0","0",
"201",,"Mocha Crackle Cookies","Desserts,Cookies
","½ cup butter - no substitutes
5 squares (1 oz. each) unsweetened chocolate
1 Tab. instant coffee granules
4 eggs
1/8 t. salt
1 cup sugar
1 cup packed brown sugar
2 cups plus 3 Tab. flour
2 t. baking powder
1/3 c. conf. Sugar
","Heat butter, chocolate and coffee until choc. is melted
Cool slightly. In a mixing bowl, combine eggs and salt.
Add sugar and brown sugar. Stir in choc. mixture. Mix well
Combine flour and BP. Gradually add to mixture to form a soft dough.
Cover and refrigerate for 2 hours till easy to handle.
Roll into ¾ inch balls. Roll in conf. Sugar; place on greased baking sheets.
Bake at 350 degrees for 12 minutes or until set. Remove to wire rack
Yield about 5 dozen.
","Grammie","0","0","0","0","0",
"202",,"Peppacocker Cookies","Desserts,Cookies
","Sift 3-1/3 c. flour
1 t. soda
2 t. ginger
2 t. cloves
½ t. salt
2 t. cinnamon
","Cream 1 c. butter. 1 cup sugar; Add ½ cup molasses.
Beat well;
Blend in dry ingredients by hands. Gradually add
1 cup blanched almonds with hands.
Divide and roll in wax paper (5 rolls).
Chill thoroughly.
Cut 1/8 inches thick. Bake 350 degrees 8-10 minutes.
Makes 8-10 dozen
","Grammie","0","0","0","0","0",
"203",,"Snickerdoodle Pinwheels","Desserts,Cookies
","1/3 cup sugar
1 Tab. cinnamon
½ cup butter, softened
1-3 oz. pkg. cream cheese
1 cup sugar
½ t. baking powder
1 egg
1 t. vanilla
2 2/3 cups flour
1 Tab. melted butter
","Combine sugar and cinnamon and set aside.
Beat butter and cream cheese. Add sugar
and baking powder. Beat until combined.
Beat in egg and vanilla.
Beat in as much flour as you can with the mixer.
Stir in any remaining flour.
Divide dough in half. Roll one half between
pieces of wax paper into a 12 x 8 rectangle.
Remove top sheet of wax paper. Brush dough
with half of melted butter. Sprinkle with 2 Tab.
of cin/sugar mixture.
Roll up, starting from one of the short sides, removing
wax paper as you roll. Seal edges. 
Roll other half of dough and repeat as above.
Roll each log in remaining sugar/cin. 
Wrap each log in plastic wrap or wax paper.
Chill in refrigerator about 4 hours until firm.
Using a sharp knife, cut dough into ½ inch slices.
Place one inch apart on ungreased cookie sheet.
Bake in 375 degree oven for 8 to 10 minutes or
until edges are firm, cool on cookie sheet for 1 minute
Then transfer to rack to cool. Nakes about 60 cookies.
I would add a little more cin/sugar for flavor
","Grammie","0","0","0","0","0",
"204",,"Soft Molasses Cookies","Desserts,Cookies
","½ cup butter 
½ cup Crisco 
1 ½ cups sugar 
½ cup molasses 
2 eggs 
4 cups flour
½ teas. salt
2 ¼ teas. soda and ginger
1 ½ teas. cloves and cinnamon
Additional sugar
","Cream butter and Crisco and sugar until light colored
And fluffy. Beat in molasses and eggs.
Combine dry ingredients and blend with whisk.
Gradually add flour to creamed ingredients.
Mix until dough is blended.
Roll dough into 1 1/2 in. balls, dip in sugar.
Place on cookie sheet 2 ½ in. apart.
Bake at 350 degrees for 9-11 minutes.
Cool and place in tightly covered container to maintain
Softness. Slice of grapefruit or orange peel placed on
A piece of wax paper in container will help keep softness.
3 doz. Or 6 doz. If scooped with scoop.
","Grammie","0","0","0","0","0",
"205",,"Special K Bars","Desserts,Cookies
","1 c. brown sugar
1 c. Karo white syrup
1-1/2 c. peanut butter
1 t. vanilla.
6 c. Special K cereal.(a 7 oz. box)
Melt 12 oz. pkg. each of choc chips and
butterscotch chips 
","1 c. brown sugar and 1 c. Karo white syrup, med. heat.
Bring to boil, but don't overcook.
Remove from heat and add 1-1/2 c.
peanut butter and 1 t. vanilla.
Mix well and add 6 c. Special K cereal.(a 7 oz. box)
Pat out on buttered cookie sheet and let cool.
Melt 12 oz. pkg. each of choc chips and
butterscotch chips together and spread on
top of the cooked mixture. Cut into small
bars when cooled.
I don't use all of chips, maybe 10 oz. of each.
","Grammie","0","0","0","1","0",
"206",,"White Chocolate Macadamia Nut Cookies","Desserts,Cookies
","1/2 c. soft butter 
1/4 c. granulated sugar 
1/2 c. brown sugar 
1 egg 
1 Tab. water 
1 t. vanilla 

1-1/4 c. flour
1/2 t. salt
1/2 t. soda
6 oz. white chocolate
7 oz. jar macadamia nuts
coarsly chopped
","Beat butter & sugars. Beat in egg. Add liquids.
Mix salt and soda with the 1/4 c. flour. Add.
Add rest of flour stirring by hand. Add choc.
and nuts. Drop by teaspoon. Bake at 350 degrees
10 - 15 min till lightly browned. Cool on wire rack.
Yields approx. 2-3 dozen cookies.
","Grammie","0","0","0","1","0",
"207",,"Xmas cookies-roll out","Desserts,Cookies,Holidays,Christmas
","1/2 c. butter 
3/4 c. sugar 
1 egg 
1 Tab. milk
1 t. vanilla
1-1/2 t. baking powder
1/2 t. salt
Frosting
4 Tab butter 
2 c. conf. sugar
2-3 t. milk 
1/4 t. vanilla
","Sift flour, B.P. and salt. Cream together butter and
sugar. Add egg and beat till smooth and fluffy. Stir in
vanilla. Add half of flour, milk, rest of flour mixture.
Chill & roll out 1/4 inches. Bake @ 350 degrees 8-10 min.
I usually double this to make a lot. Keep dough in refrig.
while rolling some out.
","Grammie","0","0","0","0","0",
"208",,"Fresh Tomato Soup","Soup
","1/2 c. chopped onion
1/4 c. butter
1/4 c. flour
2 c. water
1 can (28 oz) crushed tomatos
1 T. minced fresh parsley
1 1/2 t. salt
2 T. sugar
1/4 t dried thyme
1/4 t. pepper
","In large sauce pan or pot, cook onion in margarine. Stir in flour to form a smooth paste. Gradually add water, stirring constantly until thickened. Add tomoatos, parsley, salt, sugar, thyme, & pepper. Bring to a boil. Reduce heat; cover and simmer for 20-30 minutes or until tomatos are tender.
","Stephanie Lowry","20","30","4","0","0",
"209",,"Popovers","Breads
","2 eggs
1 c. milk
1/4 t. salt
1 c flour
","Combine ingredients. Pour into popover pan.
Bake at 450 for 15 minutes then at 350 for 20 minutes.
","Grammie","0","0","0","0","0",
"210",,"Grandma L's Chicken Rice Casserole","Poultry
","1 box chicken flavored Rice-A-Roni
1 can cream of chicken soup
1/2 can chicken broth
1 c. sour cream
3 c. cooked chicken (cut-up)
","Prepare rice-a-roni according to directions. Remove from heat and add rest of ingredients. Place in greased casserole dish and top with cheese, bread crumbs, and paprika. Bake at 350 degrees for approximately 20 minutes.
","Stephanie Lowry","0","40","4","1","1",
"211",,"Chicken with Crescent Rolls","Poultry Casseroles","4 pieces chicken
1 large and 1 small can of crescent rolls (total of 12 rolls)
4 oz. grated mild cheddar cheese
1/2 cup milk
1 can cream of chicken soup
Dash of salt & pepper","Boil chicken in water with a dash of salt and pepper for 1/2 hour. Cool and remove from bone (or dice). Flatten each roll with hand. Put chicken and small amount of cheese in each roll. Fold all corners into the center of the roll. Place in pan folded side down. Mix soup and milk, then pour over rolls. Bake in glass dish at 350 degress for 35 minutes.","Mark Scheufler","0","35","6","0","0",
"212",,"Hellmann's Parmesan Crusted Chicken","Poultry
","1/2 c. Hellmann's Mayo
1/4 c. grated parmesan cheese
4 boneless, skinless chicken breasts
4 t. Italian seasoned dry bread crumbs
","Combine mayo and cheese. Spread on chicken, then sprinkle with bread crumbs.
Bake at 425 for 20 minutes.
","Hellmanns.com","0","20","0","0","0",
"213",,"Steak Marinade","Poultry,Beef
","1/4 c. olice oil
1 T lemon juice
1/2 t rosemary
1/2 t thyme
","Combine above with meat and let sit over night.
For approximately 4 servings of meat. Best for use with grilling.
","allrecipes.com","0","0","4","0","0",
"214",,"Milleniyum Chocolate Torte","Desserts Cakes","1 cup whipping cream 
1 (12-oz.) pkg. (2 cups) semisweet chocolate chips 
1 tablespoon instant coffee granules or crystals 
1/4 cup butter 
3 tablespoons water 
1 (15.5-oz.) pkg. Pillsbury® Fudge Supreme Chocolate Chunk Premium Brownie Mix 
2 eggs 
1 (8-oz.) pkg. cream cheese, softened","1. Heat oven to 350°F. Grease 10 or 9-inch springform pan. Heat whipping cream in medium saucepan over medium heat until very hot. DO NOT BOIL. Stir in chocolate chips until melted and smooth. Set aside. (Mixture will thicken.) 
2. In small saucepan, combine coffee granules, butter and water; heat over medium heat until butter is melted, stirring occasionally. In large bowl, combine coffee mixture, brownie mix and 1 of the eggs; mix well. Spread batter in greased pan. 
3. Beat cream cheese in small bowl until light and fluffy. Add remaining egg; beat until smooth. Add 1/2 cup of the chocolate mixture; blend well. Spread evenly over brownie mixture in pan. 
4. Bake at 350°F. until top springs back when touched lightly in center and surface appears dry. For 10-inch pan, bake 35 to 45 minutes; for 9-inch pan, bake 45 to 55 minutes. Cool 10 minutes. Run knife around sides of pan to loosen; remove sides of pan. Cool 1 1/4 hours or until completely cooled. 
5. Place torte on serving platter. Spread remaining chocolate mixture over top of torte, letting mixture run down sides. Refrigerate at least 1 hour or until chilled. If desired, serve with whipped cream or vanilla ice cream. Store in refrigerator. 
High Altitude Instructions: 
Add 3 tablespoons flour to dry brownie mix. Bake as directed above. 
This is Scott's favorite dessert both to make and to eat!!","Pillsbury","35","55","8","2","3",
"215",,"Cream Cheese Icing","Desserts,Cakes,Cookies,Breads
","1/2 c butter
1 pkg cream cheese (8 oz.)
1 box powdered sugar
2 t vanilla
","Combine. Best if spread over cinnamon rolls.
","Sandy","0","0","0","0","0",
"216",,"Brown Betty","Desserts,Cakes
","2 c. crumbs from 3-day old bread
3 tsp melted butter
3 or 4 medium apples
1 tsp. lemon juice
1/2 tsp grated lemon peel
1/2 c. packed brown or white sugar
1/3 c. hot water
","Combine bread crumbs and butter in skillet; cook over low heat until lightly browned, stirring constantly. Place 1/3 of the crumbs in greased baking dish. Pare, core, and slice apples; arrange half the apples in layer over crumbs. Sprinkle with half the lemon juice, lemon peel and brown sugar. Add half the remaining crumbs; cover with remaning apples, lemon juice, lemon peel, and sugar. Top with remaining crumbs. Pour water over crumbs. Bake in preheated 375-degree oven for 30-40 minutes or until apples are tender. May serve warm with second cream of lemon sauce.
","Sandy's Patient","0","0","0","0","0",
"217",,"Chicken and Cashews","Poultry,Chinese
","Marinade:
1 egg white
2 t. cornstarch
1/4 t. salt
1/4 t. seasame oil
4 boneless chicken breasts
Cooking Sauce:
1/2 c. water
1 T soy sauce
2 t cornstarch
1 t sugar
1/2 t chicken bouillon
3 to 4 T peanut or vegetable oil, divided
1 clove garlic, minced
8-10 green onions, cut into 1 inch pieces
1 c sliced fresh mushrooms
1 c. salted cashews
","For marinade: In small bowl blend all ingredients until smooth. Sitr in chicken strips. Refridgerate 30 minutes.
For cooking sauce: In small bowl combine all ingredients. Set aside.
In wok on Hi, heat 2 T oil, about 1 minute or until hot. Add chicken mixture. Stir-fry 2 to 3 minutes or until chicken is no longer pink. Remove chicken to platter.
In wok heat 1 to 2 T oil about 1 minute or unitl hot. Add garlic, green onions and mushrooms. Stir-fry one minute. Add chicken and cooking sauce. Stir fry until sauce thickens. Remove wok from heat. Stir in cashews.
","Unknown","0","0","5","0","0",
"218",,"Mini-Doughnut Stacks","Desserts
","16 miniature powdered sugar doughnuts
2 T butter, softened
1 pint chocolate-cherry ice cream
Toppings: hot fudge, whipped cream
maraschino cherries
","Cut doughnuts in half horizontally; spread cut sides evenly with butter. Place, buttered sides up, on a lightly greased baking sheet.
Broil doughnut halves 3 inches from heat 3-4 minutes or until golden brown.
Place 1 to 4 doughnut halves on each serving plate. Top with a small scoop of ice cream. Serve with desired toppings.
","Southern Living","0","0","0","0","0",
"219",,"Waffle Taco Sundaes","Desserts
","8 frozen waffles
1 quart chocolate ice cream
1/2 c. mini marshmallows
Desired toppings
","Microwave 8 frozen waffles, in two batchs, in a single layer at high 1-2 minutes or until just warm. Centle fold each waffle in half to form a taco; place in a n 11x7inch baking dish, pressing waffles together to hold shape.
Stir together 1 quart chocolate ice cream, softened, and 1/2 cup mini marshmallows. Fresse 30 minutes.
Spoon ice cream evenly into waffles; cover and freese 1 hour or until firm. 
Drizzle with deisre toppings: fudge sauce, candy pieces, whipped cream, etc.
","Southern Living","15","150","8","0","0",
"220",,"Easy Chocolate-Mint Ice Cream Sandwiches","Desserts
","2 pints vanilla ice cream, softened
15 mint-and-cream-filled chocolate sandwich cookies, chopped
1 package large chewy chocolate cookies
","Stir together softened ice cream and sandwich cookie pieces. Freese 30 minutes. Spread ice cream evenly on 1 side of 5 large chewy cookies. Top with remaining cookies. Place in plastic or wax paper sandwhich bags, and freeze at least 1 hour.
","Southern Living","15","90","5","0","0",
"221",,"Tea Quiche","Casseroles,Breakfast
","1 1/2 cups cottage cheese
5 eggs
2 T butter
1 small onion, diced
6-8 oz. diced ham
5 oz. diced swiss cheese
9 inch deep dish pie shell, unbaked
1/2 t salt
1/8 t pepper
","Preheat oven to 325 degrees.
Place cottage cheese in food processor or blender and process until smooth, about 3-5 minutes.
Begin adding eggs, one at a time and continue processing. Add salt and pepper.
Meanwhile, in a skillet, saute onion in butter until trasnparent but not browned. Spread onion carefully on bottom of pie crust and layer ham and cheese over onion in shell. Immediately pour egg mixture over onion and cheese.
Bake in preheated oven for 35 to 45 minutes or until firm.
","Aunt Eleanor","0","45","7","0","0",
"222",,"Delicious Brownies",,"3/4 cup butter, melted
1 1/2 c. sugar
1 1/2 t vanilla extract
3 eggs
3/4 c flour
1/2 c cocoa
1/2 t baking powder
1/2 t salt
1 c semi-sweet chocolate chips (6 oz)
1/2 c walnuts, coarsely chopped
","heat oven to 350. Grease 8-9 inch round or square pan. In medium mixing bowl blend melted butter, sugar, and vanilla. Add eggs; beat well with spoon. Combine flour, cocoa, baking powder, and salt. Gradually add to egg mixture, beating until well blended. Stir in chocolate chips and nuts. Spread into prepared pan. bake 40 to 45 minuts or until brownies begin to pull away from sides of pan. Cool completely. Makes 16 brownies.
To double, use 9x13 pan and bake full 45 minutes.
","Aunt Eleanor","0","45","0","0","0",
"223",,"Aunt Eleanor's Bar Cookies","Desserts,Cookies
","1 1/2 cups white sugar
1 cup butter
2 eggs
1 1/4 t vanilla
1/4 t almond extract
3 cups flour
1 t baking soda
1/4 t. salt
1 c. chocolate chips
5/6 c. water
Glazed Icing:
2 T. melted butter
1 t. vanilla
1/4 t. almond extract
1 1/2 cups powdered sugar
","Cream together: 1 1/2 cups white sugar, 1 cup butter, 2 eggs, 1 1/4 t vanilla, and 1/4 t almond extract.
Stir together: 3 cups flour, 1 t baking soda, 1/4 t. salt.
Mix together wet and dry ingredients. Stir in 1 cup chocolate chips. Add 5/6 cups water.
Spread batter onto a greased and floured 9x13 metal baking pan.
Bake for 20-25 mintues or until lightly brown at 350 degrees.
Ice while warm.
RAISON BAR VARIATION:
In small sauce pan, covered with lid, bring 1 cup golden raisins and 1 cup water to a boil. Reduce heat and simmer for 20 minutes. Drain and save the liquid. Replace choc. chips with drained raisons above. Use all of raisin liquid plus necessary water to make 5/6 cups in place of water.
","Aunt Eleanor","0","25","0","0","0",
"224",,"Microwave Boston Brown Bread","Breads
","1 c. whole wheat flour
1/2 c. cornmeal
1 c. 100% bran cereal (do not crush)
1 T baking soda
1/2 t. salt
1/3 c. molasses or brown sugar
1 c. buttermilk (Substitution: 1 T lemon juice or vinegar + milk to = 1 cup)
","Combine dry ingredients in bowl, then add liquid ingredients. Stir just until combined. Pour into greased 1 quart/liter glass cup or 9x5 glass bread pan. 
Cover tightly with plastic wrap. Microwave on high for 5 minutes. Let cool 5 minutes. Microwave for another 2 minutes or until toothpick comes out clean. 
Alternative: Bake in over for 30 minutes at 350 degrees.
Raisin or nutty brown bread: substitute one half cup of the cereal with raisins or nuts.
","Stephanie Lowry","10","12","0","0","0",
"225",,"Banana Nut Bread","Cakes,Breads
","1 stick butter (1/2 cup)
1 1/2 cups sugar
2 eggs 
1 teaspoon vanilla 
2 ½ cups sifted flour
1 teaspoon baking powder
1 teaspoon baking soda
½ teaspoon salt
¾ cup ripe mashed bananas (about 2+ bananas)
2 eggs 
1 teaspoon vanilla
1 cup buttermilk or use (½ cup whole milk plus ½ cup sour cream)
Chopped nuts (cut coursely)
","Cream together using the electric mixer:
 1 stick butter (1/2 cup)
 1 1/2 cups sugar (or a little less)
Add and beat into the above mixture:
 2 eggs 
 1 teaspoon vanilla 
 Set aside.
Stir together with a spoon and set aside.
 2 ½ cups sifted flour
 1 teaspoon baking powder
 1 teaspoon baking soda
 ½ teaspoon salt
Measure and set aside:
 ¾ cup mashed bananas
 (about 2+ bananas)
 Note: bananas must be very ripe)
Stir into the bananas:
 1 cup buttermilk or use
 (½ cup whole milk plus ½ cup sour cream)
 Chopped nuts
METHOD: In a large mixing bowl:
Alternate the flour mixture and the banana-buttermilk 
mixture into the creamed mixture (eggs, sugar) above. 
Start and end with flour. Mix until no dry flour can be seen.
** Stir in the nuts.
Line two 9 inch cake pans with wax paper & pour in batter. 
Bake at 350 degrees for 25 minutes+ or until done.
Frost or sprinkle with powdered sugar.
NOTE: This same recipe can be used to make: 
 28 cupcakes OR
 1 sheet cake in a jelly roll pan OR
 2 loaf cakes for banana bread (use more nuts)
","Aunt Eleanor","0","25","0","0","0",
"226",,"Blueberry Jello Salad","Salads,Desserts
","1 large (6 oz.) package blueberry gelatin or 2 small (3oz.) pkgs. (NOTE: you can substitute other kinds of gelatin: example, blackberry, strawberry, etc.)
1 (21 oz.) sized can of Blueberry Pie Filling
NOTE: you can substitute other kinds of pie (filling: example, blackberry, strawberry, etc.)
One (20 oz.) can crushed pineapple WITH juice (NOTE: you can also add more fruit mandarin oranges, strawberries, peaches, etc., but, these must be drained)
1 teaspoon vanilla
TOPPING
I large (8 oz.) package cream cheese (softened)
1 cup sour cream
½ cup sugar
chopped nuts (optional)
","Dissolve gelatin in 2 cups boiling water; stir until thoroughly mixed.
Add the following to the hot gelatin mixture above and stir:
1 (21 oz.) sized can of Pie Filling
1 (20 oz.) can crushed pineapple WITH juice and any additional drained fruit you desire.
1 teaspoon vanilla
Pour into a 9 X 13 glass dish. Chill in the refrigerator until firm.
TOPPING
I large (8 oz.) package cream cheese (softened)
Hint: you can unwrap the cream cheese and softened it in the microwave oven on low temperature, BUT, be careful, it will burn easily).
Beat the cream cheese using the electric mixer until it is smooth.
Add the following and mix until smooth:
 1 cup sour cream
 ½ cup sugar
Spread over the top of the set gelatin and chill again.
Garnish or sprinkle chopped nuts over the top. 
ENJOY!
","Aunt Eleanor","0","0","0","0","0",
"227",,"STOVE-TOP one-dish CHICKEN BAKE","Poultry,Casseroles
","1 package Stove-Top Stuffing mix (6 oz.) (chicken flavored)
1 2/3 cup water
4 boneless chicken breasts: 1 ¼ lbs. (or chicken tenders) 
1 can (10 ¾ oz) can of Cream of Chicken Soup, undiluted

1/3 cup sour cream or whole milk
","Toss the contents of the vegetable seasoning packet,
stuffing mix and 1 2/3 cup water together. Set aside.
Place the raw chicken breasts in a greased 9 X 13 baking dish.
Mix chicken soup (undiluted) and sour cream together.
Pour over top of the chicken breasts in the baking dish.
Spoon stuffing mixture above evenly over the top.
Bake at 350 degrees about 35 minutes or until the chicken
is thoroughly baked. ENJOY!!
","Aunt Eleanor","0","35","0","0","0",
"228",,"Pork Chops with Golden Apple Sauce ","Pork
","4 Golden Delicious apples, chopped
2 teaspoons lemon juice 
2 ounces golden raisins, a handful 
1-inch piece fresh ginger root
3 tablespoons light brown sugar
2 cups all natural apple juice or cider, plus a splash for pan sauce
1/2 teaspoon ground cinnamon 
1/4 teaspoon freshly grated nutmeg
2 tablespoons vegetable oil or olive oil, 2 turns of the pan 
4 (1-inch) thick center cut boneless pork loin chops, 6 to 8 ounces each 
Salt and pepper
2 tablespoons butter


","Combine first 8 ingredients in a medium pot placed over medium high heat and cook until a chunky sauce forms, 10 to 12 minutes, stirring occasionally. If sauce begins to spatter as it bubbles, reduce heat back a little, but it should be allowed to reduce and form quickly. Once apples are soft and sauce forms, remove it from the heat. 

Heat a large nonstick skillet over medium high heat. Add oil to the pan. Season chops on 1 side with salt and pepper. Using a pair of tongs, add chops to hot skillet seasoned side down. Season the opposite side of the chops with salt and pepper. Brown and caramelize the chops 2 minutes on each side, then reduce heat to medium and cook another 5 to 6 minutes, turning occasionally, until juices run clear. Remove chops from heat and let them rest a couple of minutes for juice to redistribute. Deglaze the pan with a splash of apple juice and 2 tablespoons of butter. Pour pan sauce over chops. Remove ginger from the sauce and top chops with generous portions of warm golden apple sauce.
","Rachael Ray ","10","15","6","0","0",
"229",,"Cindy Egeland's Fruited Salad","Salads
","4 cups cleaned, torn, mixed leaf and iceberg lettuce
1/2 cup sliced celery
8 scallions, sliced thin
2 cups fresh sliced strawberries and/or raspberries
Sugared almonds: See recipe below.
","Dressing:
1/3 cup vegetable oil
1/4 cup red wine vinegar
2 T. sugar
1/2 tsp. salt
1/2 tsp. pepper

Thoroughtly mix dressing into salad greens just before serving.
Place the fruit and almonds on top before serving.

SUGARED ALMONDS
Toss 1 cup sliced almonds in a skillet with 3 T. sugar.
Cook over medium heat until the sugar coats the almonds completely and the almonds are lightly browned. Cool on a plate.

Notes:
Cindy and I have used a variety of fruits: apples, mandarin oranges, sliced grapes, mango etc. I have never used the scallions. I use romaine rather than iceberg, but it doesn't really matter.
","Cindy Egeland","0","0","9","1","2",
"230",,"Baked Ziti","Hamburger,Italian,Pasta
","1 box ziti pasta
1 onion chopped
2 garlic cloves minced
1 pound ground beef
1 1/2 - 2 jars spaghetti sauce
(spices for the sauce - I usually use basil, italian seasoning, and a tiny bit of ground red pepper)
6 oz sliced provolone cheese
1 cup sour cream
8 oz shredded mozzarella
2 T. grated Parmesan cheese
","Cook ziti according to package directions. Meanwhile in large skillet brown ground beef, onion and garlic. Drain off fat. Add sauce and spices and simmer for 15 minutes.
Layer pan as follows: Small amount of sauce on bottom of pan. Then 1/2 of ziti, all of provolone cheese, all of sour cream, 1/2 of sauce, remaining ziti, mozzarella cheese, and remaining sauce. Top with parmesan cheese. Cover with foil and bake at 350 for 20 minutes. Remove foil and bake 10-15 minutes more. Let stand 10 minutes before serving.
","Sara Love","0","35","0","0","0",
"231",,"Chocolate Yummies","Desserts,Cookies
","3 cups Rice Krispies cereal
7 whole pieces honey graham crackers
2 ½ cups miniature marshmallows
1 pkg (12 oz.-2 cups) semi sweet chocolate morsels
2/3 cups ligh corn syrup
3 Tab. butter
½ cup crunchy peanut butter (I used creamy)
","Coat 12x9x2 inch microwave-safe dish with cooking spray. Place 6 whole pieces graham crackers in single layer in bottom. Cut remaining piece to fit remainder of bottom.
Sprinkle marshmallows over crackers.
Microwave on high 1 minute or until marshmallows are puffy. Remove from over and cool completely.
In 2 quart microwave-safe mixing bowl, combine morsels, corn syrup and butter. Microwave on high about 1 ½ minutes or until chocolate can be stirred smooth. Stir in peanut butter. Add rice krispies cereal, mixing until evenly combined. Spread evenly over marshmallows.
Cover and refrigerate about 1 hour or until firm.
Cut and store in airtight container in refrigerator
","Grammie","0","0","0","0","0",
"232",,"J's (Sugar Cookies)","Cookies
","Cream together in mixer:
1 cup butter
2 cups white sugar
4 eggs
2 T. sour cream
1 tsp. vanilla

Sift:
4 cups flour
1 tsp. salt
1 tsp. soda
","Add dry ingredients to above mixture. Mix with an electric mixer. Mix by hand if dough gets too thick. 
Divide dough into 2 parts. Wrap in foil dusted with flour.
 Chill in refrigerator at least 3 hours, or until ready to bake.

On floured board, roll out dough and cut out cookies. 
 Bake at 350 degrees for 8-10 minutes. 

Frosting:
Mix together:
1/2 stick butter, melted
2-3 T. milk
3 cups sifted xxx sugar
Add 1 tsp 
NOTE: Use an upside-down candy cane cookie cutter to make J's for Jesus. (J's just taste better)
","Aunt Eleanor","0","0","0","2","3",
"233",,"Scandinavian Almond Bars","Desserts,Cookies
","1 3/4 cups flour 
2 teas. baking powder
1/4 teas. salt
1/2 cup butter
1 cup sugar 
1 egg
1/2 teas. almond extract 
milk
1/2 cup sliced almonds, chopped
Almond Icing:
1 cup powdered sugar 
1/4 teas. almond extract
3 to 4 teas. milk to make icing of drizzling consistency
","Stir together flour, baking powder and salt. In a large mixer bowl beat butter till softened. Add sugar and beat till fluffy. Add egg and almond extract and beat well. Add flour mixture and beat till well mixed.

Divide dough in half and place each half on a cookie sheet. Press or roll the dough into 
12 x 6 rectangles. ( the original recipe says to divide into fourths and make 4 rectangles 
12 x 3. I think it is easier and less time consuming to make 2 rectangles. After the cookies are baked, I cut the large rectangle in half so it turns out the same.)

Brush flattened dough with milk and sprinkle with almonds. Bake in a 325 oven for 12 minutes or till edges are lightly browned. While cookies are still warm cut them into 1 inch strips. Cool. Drizzle with Almond Icing.
","Aunt Eleanor","0","0","0","0","0",
"234",,"Sinfully Delicious","Desserts
","1/2 gallon vanilla ice cream
1 1/2 cups milk
1 small box Vanilla instant pudding
1 small box French Vanilla instant pudding
","Cut ice cream into chunks and put in large mixing bowl. (I leave it out on the counter for at least 20 minutes. It will ruin your beaters (make them crooked) if the ice cream is not soft).
Add pudding and milk. Mix with electric mixer for 2 minutes until smooth.

Melt 3/4 cup butter. Crush 60-80 Ritz Crackers in food processor. Add butter. Layer bottom of 9 x13 glass dish with cracker mixture, saving 1/4 cup for the top. 
Pour in ice cream mixture. Sprinkle remaining cracker crumbs on top. Refrigerate at least 4 hours before serving.
","Aunt Eleanor","0","0","0","1","2",
"235",,"Almond Bars","Desserts,Cookies
","4 eggs 
1/4 tsp. salt
2 sticks melted margarine
2 tsp. almond extract
2 c. sugar
2 c. flour
","Mix all ingredients together and put in lightly buttered 9x13 pan. 
Top with toasted sliced almonds and sprinkle with sugar.
Bake at 323 for 30 minutes.
Enjoy!
","Sandy Seifert","0","30","0","0","0",
"236",,"Pumpkin Dip","Sauces,Appetizers,Entertaining,Holidays
","4 c. powdered sugar
2 pkg 8 0z. cream cheese softened
1 30 oz can pumpkin pie mix
2 t cinnamon
1 t ginger
","mix well, serve in small (pie) pumpkin with ginger snaps
","Sandy Seifert","0","0","0","0","0",
"237",,"Carmel Apple Dip","Sauces,Appetizers,Entertaining,Holidays
","1/2 c Brown sugar
2 pkg 8 oz cream cheese
1 t vanilla
1 tub carmel
1 bag toffee chips
Granny Smith apples
","Mix: 1/2 c Brown sugar
2 pkg 8 oz cream cheese
1 t vanilla
place in casserole or pie type pan
cover with 1 tub carmel
top with 1 bag toffee chips
Serve with Granny Smith apples
","Sandy Seifert","0","0","0","0","0",
"238",,"Easy Quiche","Casseroles,Breakfast
","2 cups COOKED chicken
 ½ c. carrots
½ c. celery
½ c. onion
½ c. green pepper
½ c. broccoli florettes
1 ¼ cup grated Mozzarella Cheese
4 eggs, beaten
2 cups whole milk
1 cup Bisquick
¼ teaspoon salt 
","Grease a 10 inch GLASS pie plate (with high sides)
Cut up 2 cups COOKED chicken in ½ pieces. Set aside.
In the electric steamer, steam these vegetables in the following order:
NOTE: You will need approximately ½ cup or more of each cooked vegetable below.
1. steam the carrots (cut in 1/2 inch cubes) first, because they take the longest time to cook; drain and set aside. Note: Grated carrots can be used and par-cooked just a few minutes. 
2. steam the finely chopped celery; drain & set aside
3. steam the grated onion and chopped green pepper; drain & set aside.
4. steam the broccoli florettes; drain.

1 ¼ cup grated Mozzarella Cheese (save the ¼ cup for the top)
Mix all the vegetables, the cooked chicken cubes, and 1 cup of Mozzarella cheese above. Place in the bottom of a well-greased 10 pie plate.
TOPPING:
4 eggs, beaten
2 cups whole milk
1 cup Bisquick
¼ teaspoon salt 
Mix the beaten eggs, milk, Bisquick and salt together- do not overmix, batter should be a little lumpy.
** Pour over top of the vegetables, etc.
Sprinkle the top with ¼ cup grated cheese.
Bake in a pre-heated oven at 350 degrees for 40-45+ minutes. To test for doneness, check the bottom of the pie plate to see if the quiche looks baked. Check with a toothpick -- however, the quiche will be a little runny in the middle and will thicken after it is removed from the oven.
ENJOY!!
","Aunt Eleanor","0","0","0","0","0",
"239",,"Favorite Carrot Cake","Desserts,Cakes
","2 cups flour
2 cups white sugar
2 teaspoons cinnamon
½ teaspoon salt
2 teaspoons baking SODA
3 eggs
¾ cup oil
¾ cup buttermilk (I use the dry buttermilk and add enough water to make ¾ cup)
2 cups of finely shredded carrots ( use the food processor)
¾ cup DRAINED crushed pineapple
l cup coarsely ground walnut (use the food processor)
OPTIONAL: l/2 cup flaked coconut
FROSTING:
l (3 ounce) package softened cream cheese
2 tablespoons softened butter
l teaspoon vanilla
2 cups powdered sugar
","Stir together the following dry ingredients in a bowl and set aside.
2 cups flour
2 cups white sugar
2 teaspoons cinnamon
½ teaspoon salt
2 teaspoons baking SODA
In a large mixing bowl, beat the following ingredients together.
3 eggs
¾ cup oil
¾ cup buttermilk (I use the dry buttermilk and add enough water to make ¾ cup)
Mix ALL the above ingredients together (dry and moist ingredients)
Stir in the following ingredients by hand.
2 cups of finely shredded carrots ( use the food processor)
¾ cup DRAINED crushed pineapple
l cup coarsely ground walnut (use the food processor)
OPTIONAL: l/2 cup flaked coconut
Oven 350 degrees. 
For a 9 X 13 inch cake, grease and flour the pan. Bake 40-45 minutes..
For a sheet cake, grease and flour a jelly roll pan. Bake 25-30 minutes.
***For a 2 layer cake, grease and flour the pans; line the bottom of each pan with waxed paper. Bake for 25 to 30 minutes.
","Aunt Eleanor","0","0","0","0","0",
"240",,"Pretty Gelatin Fluff","Salads
","1 large can mandarin orange slices
1 can pineapple tidbits
1 small (3 oz.) package flavored gelatin (DRY) 
1 (12 oz.) container Cool Whip
1 small container of Cottage Cheese (small curd)
1½ cups of miniature marshmallows
Optional: flaked coconut, chopped nuts
","Drain the following ingredients several hours or over night:
 1 large can mandarin orange slices
 1 can pineapple tidbits
 **Be sure all the moisture is out of the fruit--- pat with a
 paper towel. This recipe does not use the juice from 
 the canned fruit)
______________________________________________________
1 small (3 oz.) package lemon gelatin (DRY) 
 ( substitute any other flavored gelatin if you want another color)
 (use the gelatin in DRY form)
1 (12 oz.) container Cool Whip
1 small container of Cottage Cheese (small curd)
** Method: Sprinkle DRY gelatin over the Cool Whip and mix thoroughly until the gelatin is completely dissolved (takes about 5 minutes of beating)
Using a rubber scraper, gently fold in the cottage cheese.
Stir in the drained mandarin oranges and pineapple tidbits into the mixture above.
Add 1½ cups of miniature marshmallows. Mix in gently.
Optional: flaked coconut, chopped nuts.
Chill. Serve in stemmed glass sherbets or in a glass dish.
ENJOY!! 
","Aunt Eleanor","0","0","0","0","0",
"241",,"Lola's Lemon Dessert","Desserts
","3 cups of crushed graham crackers or vanilla wafers
2/3 cup melted butter
2 (3 ounce) packages lemon gelatin or 1 (6 ounce) package
l ¾ cups boiling water
½ cup sugar 
¼ teaspoon salt
1 ½ teaspoons lemon rind, grated
3 lemons
2 large cans of evaporated milk
","BOTTOM LAYER: 
Combine :
3 cups of crushed graham crackers or vanilla wafers
2/3 cup melted butter
Place in the bottom of the two (9x 9 pans), saving some for the topping
 ***********************************************************
GELATIN LAYER:
Dissolve :
 2 (3 ounce) packages lemon gelatin or 1 (6 ounce) package
 l ¾ cups boiling water
 Stir until dissolved.
Add: ½ cup sugar 
 ¼ teaspoon salt
 1 ½ teaspoons lemon rind, grated
 3 lemons: 
(NOTE: squeeze 3 lemons and add enough water to the lemon juice to make 2/3 cup)
CHILL the above until slightly thickened (egg white consistency)
ADD: 2 large cans of evaporated milk to the thickened gelatin above and BEAT with the electric mixer until fluffy. 
Pour gelatin mixture over the bottom crusts. Chill until firm. ENJOY!!
","Aunt Lola","0","0","0","0","0",
"242",,"Pasta & Cheese Casserole","Poultry,Beef,Seafood,Vegetarian,Pasta,Casseroles
","l large (16 oz.) package of extra wide noodles
l stick of butter (1/2 cup)
½ cup flour
2 teaspoons salt
l 1/3 cups chopped celery 
Carrots 
5 cups milk
1 or 1 ½ cups grated Velveeta Cheese
4 cups COOKED, cubed meat or fish (ham, chicken, salmon, tuna or shrimp)
","Pasta: l large (16 oz.) package of extra wide noodles , cooked according to package directions
SAUCE: l stick of butter (1/2 cup)
 ½ cup flour
 2 teaspoons salt
 l 1/3 cups chopped celery (cooked in the micro-wave with a little water, OR sauteed 
 in butter in a skillet)
 Carrots: (optional) cook the same as the celery above. NOTE: frozen, cooked peas can be used 
 5 cups milk
 1 or 1 ½ cups grated Velveeta Cheese
 4 cups COOKED, cubed meat or fish (ham, chicken, salmon, tuna or shrimp)

METHOD: Cook pasta according to package directions. Drain.
In a HEAVY saucepan, melt the butter over low heat.
Add the flour and salt. (be careful, this mixture burns very easily) Stir constantly until a paste forms.
Gradually add: milk, stirring until the mixture thickens (this take about 10 minutes).
Remove the above from the heat, and stir in the cooked chopped celery and carrots or peas; grated cheese; and cooked, chopped meat or fish. You can serve and eat this without it being baked.
Baking Instructions: (optional)
Grease a very LARGE casserole dish and bake at 350 degrees for 15 to 20 minutes. 
Serve and eat. 
NOTE: This dish freezes well; can be frozen in small amounts in freezer bags.
","Aunt Eleanor","0","0","0","0","0",
"243",,"Amy's Chocolate Cake","Desserts,Cakes
","1 pkg dark chocolate cake mix 
1/3 cup br. sugar 
4 eggs 
1 cup sour cream 
1/2 cup warm H2O 
1/2 cup vegetable oil 
6 oz melted choc. chips
1/2 cup chocolate chips 
2 T pow. sugar
","1. Combine 1st 6 ingredients - beat 4 minutes. Fold in choc. chips 
2. Spoon into bundt pan 
3. Bake 45-50 minutes, until toothpick comes out clean 350 degrees
4. Cool in pan 10 mins, invert on wire rack 
5. Dust w/ pow. sugar 
6. enjoy!
","Amy","0","50","0","0","0",
"244",,"Apple Crisp","Desserts,Pies
","4-5 cups sliced apples
1 t. cinnamon
1 stick butter
½ cup water
½ cup sugar
¾ cup flour
vanilla ice cream or whipped cream
","Place apples in buttered 1-1/2 qt. casserole.
Mix cinnamon and water and pour over apples.
Mix together sugar, flour and butter which has
been sliced thin and spread over top.
Bake at 350 degrees for 1 to 1-1/2 hours.
Serve warm or cold with cream or ice cream.
","Grammie","0","0","0","0","0",
"245",,"Boston Cream Pie","Desserts,Cakes
","1/3 c. crisco 
1 c. sugar 
2 large eggs 
1-1/4 c. flour 
1-1/2 t. Bak.Pow. 
1/2 t. salt 
3/4 c. milk
1 t. vanilla 
Instant pudding
Glaze
3 T. water
2 T. butter
1 c. sifted conf sugar
3 T. cocoa
1/2 t. vanilla
","Pour batter into greased and floured 9 inch round pan.
Bake at 350 degrees for 25-30 min. Cool and split.
Pudding between layers
Glaze--Bring water and butter to a boil over med
heat. Remove from heat. Add conf. sugar, cocoa
and vanilla, stirring till smooth. Pour on top of cake
","Grammie","0","0","0","1","0",
"246",,"Carrot Sheet Cake","Desserts,Cakes
","2 c. flour
2 t. baking soda
2 t. cinnamon
½ t. salt
3 large eggs
2 c. sugar
¾ c. canola oil
¾ c. buttermilk
2 t. vanilla
2 c. grated raw carrots
1-8oz. can crushed pineapple
1-3 1/2 oz can sweetened flaked coconut
1 c. chopped pecans or walnuts
Buttermilk glaze
Cream cheese frosting
","Stir together first 4 ingredients in a small bowl.
Beat eggs and next 4 ingredients at medium speed with
an electric mixer until smooth. Add flour mixture beating
at low speed until blended. Fold in carrots and next 3 ingredients.
Pour batter into a greased and floured (bakers joy) 9 x 13 pan.
Bake at 350 degrees for 30 minutes, cover pan loosely with aluminum
Foil to prevent excessive browning, and bake 13 more minutes
Or until a wooden pick inserted in the center comes out clean. (I needed more time)
Drizzle buttermilk glaze evenly over cake. Cool completely in pan.
Spread Cream cheese frosting evenly over cake.
Buttermilk Glaze
1 cup sugar
1 ½ t. baking soda
½ cup butter
½ cup buttermilk
1 Tab. light corn syrup
1 t. vanilla
Bring sugar, soda, butter, buttermilk and corn syrup to a boil in a saucepan.
Boil stirring often until mixture is golden brown. Remove from heat and stir in vanilla.
Cream cheese frosting
½ c. butter 
1 8 oz, pkg. cream cheese 
1 3 oz. pkg. cream cheese
1 lb. conf sugar
1 ½ t. vanilla
Beat butter and cream cheese till creamy
Add conf. sugar and vanilla and beat till smooth
","Grammie","0","0","12","0","0",
"247",,"Cheese Cake","Desserts,Cakes
","1 large and 1 small cream cheese- room temp.
¾ c. granulated sugar
3 eggs
1 T. lemon juice
1 t. vanilla
","Cream cheese, sugar and eggs. Beat well.
Blend in flavorings. Cook 30-40 min. in
Graham cracker crust at 350 degrees.
8 in. =40 min, 9 in. = 30 min. Spring form pan.
While hot, mix ½ pint sour cream, 1/3 c. sugar,
1 t. vanilla - Pour on top. Cook again 5 minutes
Crust 
Use half of:
1 package graham cracker crumbs - 1 2/3 c.
¼ cup sugar
¼ cup soft butter
Save rest for next cheesecake!
","Grammie","0","0","0","0","0",
"248",,"Chocolate Cherry Cake","Desserts,Cakes
","1 18.24 oz, chocolate cake mix
1 21 oz. can cherry pie filling
2 eggs
½ t. almond flavoring
5 Tab. butter
½ c. milk
1 cup sugar
6 oz. choc. chips
1 t. vanilla.
","1 18.24 oz, chocolate cake mix
1 21 oz. can cherry pie filling
2 eggs
½ t. almond flavoring
Combine above ingredients, mix with spoon
Put in 13 x 9 pan. Bake 35-40 minutes.
Remove from oven and pour hot frosting over it
Frosting
Bring to a boil the following and boil 1 minute
5 Tab. butter
½ c. milk
1 cup sugar
Add 6 oz. choc. chips and 1 t. vanilla. Stir.
","Grammie","0","0","14","0","0",
"249",,"Chocolate Raspberry Cobbler","Desserts,Cakes
","¾ cup (1.5 sticks) butter
2 cups all-purpose flour
2 teaspoons baking powder
½ teaspoon salt
1 ½ cups milk
1 teaspoon vanilla extract
1 ½ cups firmly packed light brown sugar
4 cups raspberries, fresh or frozen (no need to thaw)
1 cup semisweet chocolate chunks or chips
","Preheat oven to 350 degrees. Melt the butter in a 9x13 inch baking dish. In a large bowl, mix together the flour, baking powder, salt, milk, vanilla, and brown sugar. Pour half the batter directly into the hot, buttered pan. Add three cups of the raspberries and the chocolate chunks. Pour the remaining batter over the berries, then top with the last cup of berries. Place the pan in the oven and bake 35 to 40 minutes or until the center is set. Let cool at least 10 minutes before serving. Makes 12 servings.
","Grammie","0","0","12","0","0",
"250",,"Cinnamon Raisin Bread Pudding","Desserts
","4 cups milk
5 large eggs
10-12 slices white bread torn into pieces
3 cups Nilla wafer crumbs (about 65 wafers)
¾ cups sugar
½ teas. cinnamon
1 ¼ cups raisins
","Whisk together milk and eggs in a large bowl.
Add remaining ingredients, stirring until blended.
Pour into buttered 11 x 7 inch baking dish
Place in a larger pan filled with
1 ½ inches water. Cover smaller pan with foil.
Bake at 350 degrees for an hour.
Remove foil and bake for 30 minutes more.
Serve with caramel sauce or vanilla ice cream
10 servings.
","Grammie","0","0","10","0","0",
"251",,"Summer Fruit Punch Salad","Salads,Desserts
","1 pkg. (4-serving size) JELL-O Brand Cherry Flavor Gelatin 
1 pkg. (4-serving size) JELL-O Brand Strawberry Flavor Gelatin 
1-1/2 cups boiling water 
Ice cubes 
1 cup orange juice 
1 pt. (2 cups) strawberries, sliced 
1 cup seedless grape halves 
1-1/2 cups thawed COOL WHIP Strawberry Whipped Topping 

","MIX dry gelatin mixes in large bowl. Stir in boiling water at least 2 min. until completely dissolved. Add enough ice to orange juice to measure 2-1/4 cups. Add to gelatin; stir until slightly thickened. Remove any unmelted ice. Stir in fruit. 
POUR into large serving bowl. 
REFRIGERATE 2 hours or until firm. Top with the whipped topping just before serving. Store leftovers in refrigerator. 
","Jello","5","0","0","0","0",
"252",,"Floating Fruit Parfaits","Desserts
","1/2 cup sliced strawberries 
3/4 cup boiling water 
1 pkg. (4-serving size) JELL-O Brand Strawberry Flavor Sugar Free Low Calorie Gelatin 
1/2 cup cold water 
3/4 cup ice cubes 
1 cup plus 6 Tbsp. thawed COOL WHIP LITE Whipped Topping, divided 
","DIVIDE strawberries evenly among 6 dessert glasses. Stir boiling water into dry gelatin mix in medium bowl at least 2 min. until completely dissolved. Add cold water and ice cubes; stir until ice is completely melted. Remove 3/4 cup of the gelatin; pour evenly over strawberries. Refrigerate 20 min. or until gelatin is set but not firm. 
ADD 1 cup of the whipped topping to remaining gelatin; stir with wire whisk until well blended. Spoon evenly over gelatin in dessert glasses. 
REFRIGERATE 1 hour or until firm. Top each parfait with 1 Tbsp. of the remaining whipped topping just before serving. Store leftover parfaits in refrigerator. 
","Jello","15","0","6","0","0",
"253",,"Fettuccini Alfredo","Poultry,Italian,Pasta
","8 ounces dry fettuccine pasta 
4 1/2 tablespoons butter 
2 1/2 tablespoons all-purpose flour 
2 cups milk 
1 teaspoon minced garlic 
5 drops hot pepper sauce 
1/2 cup grated Parmesan cheese 
Chicken (optional)
","Cook pasta in a large pot of boiling salted water. 
Meanwhile, melt butter or margarine in a saucepan. Stir in flour. Whisk in milk, garlic, and hot sauce; stir until thickened. Stir in cheese. 
Drain pasta. Serve sauce over noodles. 
Add cooked chicken if desired.
","allrecipes.com","0","0","4","2","2",
"254",,"Spicy Chicken Fingers","Poultry
","1 cup instant mashed potato flakes 
2 Chicken Flavored Bouillon Cubes, crushed 
1/4 teaspoon cayenne pepper 
1/4 cup butter or margarine, melted 
1 egg, beaten 
2 tablespoons water 
1 1/4 pounds boneless, skinless chicken breast tenders 
Honey mustard dipping sauce, if desired 
","Preheat oven to 400 degrees F. In bowl, combine potato flakes, bouillon and cayenne pepper. Add melted butter to potato flakes. In pie plate, combine egg and water. Dip chicken tenders in egg mixture and coat in potato flakes. Place chicken on baking sheet. Bake for 18-22 minutes, turning halfway through baking, until chicken is cooked through. If desired, serve with honey mustard dipping sauce. 
","allrecipes.com","0","0","4","0","0",
"255",,"Potato Dumpling Casserole","Vegetarian,Casseroles
","2 cups mashed potatoes 
1 cup all-purpose flour 
2 eggs, beaten 
1 1/2 teaspoons salt 
1/8 teaspoon black pepper 
1 medium onion, chopped 
3 tablespoons butter 
2 tablespoons all-purpose flour 
1 cup light cream 
1 cup chicken broth 
1/2 cup grated Parmesan cheese 
1/2 cup shredded Jarlsberg cheese (may substitute Swiss)
","In a medium bowl, mix together the mashed potatoes, 1 cup flour, eggs, salt and pepper until well blended. Spoon into a clean plastic bag. 
Bring 5 quarts of water to a boil in a large pot. Adjust heat so that water boils very gently. Cut a small opening in the corner of the baggie, and squeeze out dumplings into the water, cutting with scissors at 1 inch intervals. Let the dumplings simmer uncovered until they float to the top. Remove with a slotted spoon, and place in a 2 quart baking dish. Keep warm. 
Preheat the oven to 350 degrees F (175 degrees C). Melt butter in a skillet over medium heat. Saute onion in butter until tender. Blend in 2 tablespoons flour until smooth. Pour in cream and broth, and cook, stirring constantly until thickened. Remove from heat and stir in half of the Parmesan cheese and half of the Jarlsberg until smooth. Pour over the dumplings in the dish. Sprinkle remaining cheeses over the top. 
Bake uncovered for 45 minutes in the preheated oven, until the top is golden brown and sauce is bubbly. 
Annie tried it once and it was a little too strong. Try using less butter and cheese in the sauce.
","allrecipes.com","35","45","6","2","1",
"256",,"Poppy Seed Chicken","Poultry,Casseroles
","4-5 chicken breasts, cooked and cut-up
1 can cream of chicken soup
8 oz. sour cream
1 tube ritz crakers
1 stick butter
1 T. poppy seeds
","Combine cream of chicken soup & sour cream. 

Melt butter in medium bowl, add crushed ritz crackers & poppy seeds.
Pam a 9x13 pan, and layer chicken then sauce. Top with cracker mixture.
Bake uncoverd for 30 minutes at 350 degrees.
","Unknown","15","30","0","2","2",
"257",,"Hamburg Noodle Casserole","Hamburger,Italian,Pasta,Casseroles
","1 lb. hamburg
2 tbsp. butter
Salt & pepper
2 sm. cans tomato sauce
1 (8 oz.) pkg. noodles
6 scallions
1 c. (1/2 pt.) sour cream
1 (3 oz.) pkg. cream cheese
Sharp cheese, grated
","Take color out of hamburg in saute pan, add salt and pepper as desired and tomato sauce. Simmer 25 minutes. Add cut up onions to sour cream and butter and cream cheese. Mix until smooth. Cook noodles. Layer 1. noodles; 2. hamburg mix; 3. cream cheese mix. Repeat again. Top with grated cheese, use drip pan or 2 quart pan. Bake in 350 degree oven for 20 minutes.
","cooks.com","15","20","0","1","1",
"258",,"Cinnamon Rolls","Desserts,Breakfast,Breads
","1/2 c warm water 
2 pkg. dry yeast 
2 T sugar 
3 1/2 oz. pkg vanilla pudding mix 
1/2 c margarine, melted 
2 eggs 
1 t salt 
6 cups flour 
Filling 
1 cup butter, softened 
1 cup light brown sugar 
4 teaspoons cinnamon 
","Mix water, yeast, and sugar together until yeast and sugar are dissolved. Set aside. In a large bowl prepare pudding mix according to package directions. Add margarine, eggs and salt; mix to blend well. Add yeast mixture and blend well. Gradually add flour; transfer to a lightly floured surface and knead dough until smooth. Place in a greased bowl; cover and let rise until doubled. Punch down dough and let rise again.
Roll out on a floured surface. Take 1 cup soft butter and sprad over surgace. In a bowl mix 2 cups brown sugar and 4 teaspoons Cinnamon; sprinkle over the top. Roll up tightly. Put a notch every 2 inches. Cut with thread or a sharp knife. Place cinnamon rolls on lightly greased cookie sheet 2 inches apart; lightly press each roll down. Cover and let rise to double again. Bake at 350° for 15 to 20 minutes. Remove when they start to turn golden - don't overbake. Frost warm rolls with a cream cheese frosting. Makes about 20 large Cinnamon-like Cinnabon Rolls
","Unknown","0","0","20","0","0",
"259",,"Double Delicious Halloween Bars","Desserts,Cookies,Holidays
","1/2 c. butter
1 1/2 c. graham cracker crumbs
1 (14 oz.) can sweetened condensed milk
1 (12 oz.) pkg. semi sweet chocolate chips
1 c. peanut butter chips
","Preheat oven to 350 degrees (325 degrees for glass dish). In 13""x9"" pan, melt butter in oven. Sprinkle crumbs evenly over butter; pour milk evenly over crumbs. Top with chips; press down firmly. Bake for 25 to 30 minutes or until lightly brown. Cool. Cut into bars. Makes 24 to 36 bars.
","cooks.com","10","30","24","1","1",
"260",,"Easy Cheese Chicken Casserole","Poultry,Casseroles
","3 1/2 c. chopped cooked chicken
1 1/2 c. cooked med. egg noodles
1 (4 oz.) pkg. shredded sharp Cheddar cheese
1/4 c. grated Parmesan cheese
1/2 c. chicken broth
1/2 c. mayonnaise
1 (2 oz.) jar diced pimiento, drained
1 tbsp. minced onion
1 tbsp. parsley flakes
1 tbsp. celery flakes
1/2 tsp. salt
1/2 tsp. ground black pepper
","Combine all ingredients; spoon into a greased 8 inch square baking dish. Cover and bake at 350 degrees for 30 minutes or until casserole is thoroughly heated. Yield 4 to 6 servings.
","cooks.com","15","30","6","0","0",
"261",,"Cheesy Green Bean Casserole","Vegetarian,Vegetables,Casseroles
","1/2 cup chopped onion
2 tablespoons butter
2 tablespoons flour
2 cups sour cream
32 ounces style green beans, seasoned
1/2 teaspoon salt
1/4 teaspoon pepper
1 cup shredded cheddar cheese
","Brown onion in 2 tablespoons butter; add 2 tablespoons flour. Mix well.
Add sour cream and stir until it is mixed well. Drain water off green beans; put in large bowl. Pour mixture over green beans; salt and pepper.
Stir. Pour in baking dish; add shredded cheese over top. Bake at 350 F. for 30 minutes.
","cooks.com","0","30","4","0","0",
"262",,"Winter Chicken Salad","Poultry,Salads
","3 chicken breasts, about 12 oz. each
1 lb. carrots, pared and sliced thin
2 c. sliced celery
1 sm. onion, chopped, 1/4 c.
1/4 c. water
1 env. instant chicken broth or 1 chicken bouillon cube
2 tsp. salt
1/2 c. mayonnaise or salad dressing
Potato chips
","1. Pull skin form chicken breasts, then cut meat from bones, dice meat.
2. Combine with carrots, celery, onion, water, chicken broth or bouillon cube and salt in a large frying pan; heat to boiling; cover.
3. Simmer 30 minutes, or until chicken is tender. Drain off any broth and save to add to soup or stew. Fold mayonnaise or salad dressing into chicken mixture.
4. Spoon onto a large platter; frame with potato chips and garnish with parsley, if you wish.
","cooks.com","25","30","0","0","0",
"263",,"Pan Perogies","Vegetarian,Pasta,Casseroles
","4 onions, chopped 
4 tablespoons butter 
1 (16 ounce) package lasagna noodles 
16 ounces shredded Cheddar cheese 
4 cups instant mashed potato flakes 
1/4 cup butter 
","Preheat oven to 350 degrees F (175 degrees C). Butter the bottom and sides of a 9x13 inch baking dish. 
Saute onions in the butter until translucent and soft. 
Cook and drain lasagna as per package directions. 
Make potatoes as per package directions for 12 servings. Combine the onions with the potatoes. 
Place a layer of noodles over the bottom of the baking dish. Cover with a layer of potatoes, sprinkle with cheese and pats of butter. Repeat ending with noodles sprinkling top with cheese and butter. Bake at 350 degrees F (175 degrees C) for 1 hour. 
","allrecipes.com","0","60","12","0","0",
"264",,"Potato Cakes","Vegetarian,Vegetables,Breakfast
","2 cups mashed potatoes 
1 egg, beaten 
1/2 cup all-purpose flour 
salt to taste 
1 pinch garlic salt 
1 tablespoon butter 
1 cup shredded Cheddar cheese 
","In a medium size mixing bowl combine mashed potatoes, egg, flour, salt and garlic. Mix well. 
Melt butter in a large frying pan over a low heat. Drop pancake-size (4 inch circles) lumps of mashed potatoes into the frying pan. Pat to flatten to 1/2 to 1 inch thickness. Sprinkle some cheddar cheese onto the mashed potato cake. Spoon more potato mixture over the cheese. Flip the potato cake over when the bottom is browned (about 10 minutes). Brown the other side (about 10 minutes). 
","allrecipes.com","0","20","2","0","0",
"265",,"Grilled Pizza Wraps","Vegetarian,Italian,Mexican
","2 tablespoons margarine, softened 
8 (10 inch) flour tortillas 
1 (16 ounce) package shredded Cheddar-Monterey Jack cheese blend 
1/2 cup pizza sauce 
4 ounces sliced pepperoni 
","Heat a large skillet over medium-low heat. Spread margarine over one side of a tortilla, and place it margarine-side down in the skillet. Spoon a tablespoon of pizza sauce onto half of the tortilla. Sprinkle 1/2 cup of shredded cheese over the sauce, and top with a few slices of pepperoni. Fold the clean half of the tortilla over the filling, and cook until golden on each side. Repeat with remaining tortillas. 
","allrecipes.com","0","0","8","0","0",
"266",,"White Sloppy Joes","Hamburger
","1 pound ground beef 
1 (10.75 ounce) can condensed cream of mushroom soup 
3 tablespoons milk 
4 tablespoons sour cream 
1 teaspoon liquid smoke flavoring 
salt and pepper to taste 
6 hamburger buns, split 
","Place ground beef in a large skillet over medium-high heat. Cook, stirring to crumble, until evenly browned. Drain off excess grease. Stir in cream of mushroom soup (undiluted), milk and liquid smoke. Reduce heat to low, and cook just until hot. Stir in sour cream, and season with salt and pepper. Remove from heat. Serve on hamburger buns. 
","allrecipes.com","0","0","6","0","0",
"267",,"Angel Chicken Pasta","Poultry Pasta","6 boneless, skinless chicken breasts
4 T butter
1 (.7 ounce) package dry Italian salad dressing mix
1/2 cup white wine or chicken broth
1 (10.75 ounce) can condensed golden mushroom or cream of chicken soup
1 (4 ounce) pkg cream cheese with chives
1 (16 ounce) pkg angel hair pasta","In a large sauce pan melt butter over low heat. Add package of dressing. Blend in wine (broth) and undiluted can of soup. Blend in cream cheese and stir until smooth. Heat through gently.
Arrange chicken breasts in a baking dish. Pour sauce over.
Bake in a preheated 325 degree F (165 degree C) over for 60 minutes.
As baking time nears, in a large pot with boiling salt water cook angel hair pasta until al dente. Drain well.
Serve chicken dish over warm angel hair pasta.","Unknown","0","60","6","2","2",
"268",,"Chicken Italiano","Poultry,Italian
","1/2 cup freshly grated parmesan cheese
2 T minced fresh parsley
1 t dried oregano (or Italian seasoning)
1 clove garlic, minced
1/2 t freshly ground pepper
2 boneless, skinless chicken breasts (pounded thin)
3 T butter, melted
","Combine parmesan, parsley, oregano, garlic, and pepper. Dip chicken in melted butter, then in cheese mixture.
Place in shallow baking dish. Drizzle with remaining butter. Bake at 375 degrees for 25 minutes or unitl tender.
","Cheryl Carter","0","25","0","2","3",
"269",,"No Bake Cookies","Desserts,Cookies
","2 cups white sugar
1 stik butter
1/2 cup milk
3 T cocoa
1/2 cup peanut butter
1 t vanilla
3 cups quick oatmeal
(or 2 c oatmeal and 1 c coconut)
","Combine first four ingredients in a saucepan. Heat unitl mixture reaches a full rolling boil. Continue to boil 1 minute longer. Remoce from heat.
Immediately add final ingredients. Stir. Drop by teaspoon onto waxed paper. 
Remove when firm.
Makes 2.5 -3 dozen
NOTE: Best to measure the peanut butter and oatmeal ahead of time so it is ready to add to hot mixture.
","Linda Dietz","0","0","0","0","0",
"270",,"Dijon and Balsamic Glazed Roaster","Poultry
","1 (5-7 pound) Perdue fresh whole oven stuffer roaster
 Salt and Pepper
3 tablespoons olive or vegetable oil
3 tablespoons Dijon mustard
1 tablespoon balsamic vinegar
1 tablespoon sugar
½ tablespoon dried thyme
","Preheat oven to 350 degrees F/ Remove giblets from roaster and place it breast up in a 9x13-inch roasting pan. Season with salt and pepper. Whisk together remaining ingredients. Brush half of mixture over roaster. Cover roaster with aluminum foil; roast 45 minutes. Remove foil and brush remaining half of mustard mix over bird. Continue roasting uncovered 1 ¾ hours, or until bird-watcher thermometer pops up and meat thermometer inserted into thickest part of thigh registers 180 degrees F.
","Grammie","5","150","6","0","0",
"271",,"Chicken Spaghetti","Poultry,Italian,Pasta
","10 half chicken breasts
3 T. oil
1 ½ c. chopped celery
1 c. chopped onion
1 green pepper chopped
1-16 oz. can diced tomatoes
1-15 oz. can tomato sauce
1 cup reserved broth
1-6 oz. can sliced mushrooms
1 T. chili powder
Tabasco to taste
3 T. Worcestershire sauce
Salt and Pepper to taste
1 cup chopped black olives (optional)
8 oz. thin spaghetti
3 cups grated sharp cheddar cheese
","Cook chicken in salted water approximately 25 minutes.
Cool; Shred chicken. Reserve 2 cups broth, degreased and strained.
In large skillet, brown celery, onion and pepper in oil. Add next 9 ingredients and chicken and simmer for 30 minutes.
Cook spaghetti according to package directions, using 1 cup broth and water. Drain.
Combine spaghetti with chicken mixture and cheese in large casserole
Bake at 350 degrees for 30-35 minutes or until bubbly. If refrigerated before cooking, additional time must be allowed.
Best made day before serving.
Serve with tossed salad and rolls&
","Tracy","0","0","9","0","0",
"272",,"Hot Cider","Beverages
","2 quarts cidar
1/3 c brown sugar
1/4 t salt
6 whole cloves
6 whole allspice
4 sticks cinnamon
","Combine in saucepan. Bring to boil. Simmer for 5 minutes. Strain whole spices
","Linda Dietz","0","0","0","1","0",
"273",,"Chili Spaghetti","Hamburger,Italian,Pasta
","1 1/2 lbs ground beef
1 c. chopped onion
1 28-ounce can tomatos
1 16-ounce can kidney beans
1/2 c. ketchup
1 T. chili powder
2 t. brown sugar
1 1/2 t. salt
1 t. mustard
1 box spaghetti
","Cook beef and onion in 3-quart heavy saucepan over medium heat until browned, stirring. Drain the meat once browned. Stir in tomatos with their liquid and liquid only from kidney beans. Stir in rest of ingredients (except spaghetti and kidney beans).
Simmer 45 minutes. Stir in kidney beans and heat 15 mintues longer. Meanwhile cook spaghetti according to package directions.
Add cooked spaghetti to chili and mix.
","Shannyn Petersen","0","60","8","0","0",
"274",,"Mom's Veggie Dip","Vegetables,Sauces,Appetizers,Entertaining
","1 c. sour cream
1/3 c. ketchup
1/2 t. worchestershire sauce
dash of salt, pepper, oregano, garlic salt, onion salt
","Mix. Serve with raw vegetables.
","Linda Dietz","0","0","0","1","3",
"275",,"Taco Salad","Hamburger,Mexican,Salads
","1 head of lettuce (cold and crisp)
3 diced ripe tomatos
1 chopped onion
3 cups grated cheese
1 1/2 lbs browned ground beef
1 large bottle catalina salad dressing
1 bag tortilla chips
1 T dry taco mix (add to dressing)
1 can kidney beans
","Fry meat until browned; drain off excess grease. Drain liquid off kidney beans. 
Seperate lettuce into bite-sized pieces - soak in ice water for 30 minutes to crispen; drain thoroughly on paper towel.
Combine all the ingredients and pour salad dressing over the top of the mixture and toss lightly.
Serve immediately.
NOTE: Gets soggy if let to stand very long.
","Aunt Eleanor","0","0","0","0","0",
"276",,"Coconut Cake","Desserts,Cakes
","1 cup whole milk (I used 1%)
2 Tab. butter
2 cups flour
2 teas. baking powder
¼ teas. salt
4 eggs
2 cups sugar
2 teas. vanilla
Topping
6 Tab. (3/4 stick) butter
1/3 cup dark brown sugar (I used lt. Brown)
1 cup (4 oz. can) shredded coconut (Preferable to flaked)
1 Tab. vanilla
","Preheat oven to 350 degrees. Butter and flour a 13x9 inch baking pan. I used Bakers Joy.
In a small saucepan or microwave, heat butter and milk to scalding. Set aside.
Beat eggs in an electric mixer. Add sugar and continue beating until thick and foamy.
With mixer turned on, gradually add hot milk, then vanilla. Beat in flour, BP&salt mixture with mixer at slow speed. Pour batter into prepared pan. Pat on bottom to get out some bubbles.
Bake at 350 degrees for about 30 minutes, testing after 25 minutes with a toothpick. Cake is done when toothpick comes out clean. Cool cake slightly in the pan.
Prepare the topping. Melt butter in a medium saucepan or in a microwave oven. Stir in brown sugar, then add coconut and vanilla. Spread topping over the cake as evenly as possible, making sure to reach in the corners.
Turn oven to broil and place cake 4-6 inches below the heat. Broil until bubbling and dark brown, turning if necessary to assure even browning. The topping should be beyond golden, a definite brown, but be careful as it can burn in an instant.
Let cake cool to room temperature. Cut into squares at serving time.
We ate it warm and it is delicious that way!!!!!
","Grammie","0","0","12","0","0",
"277",,"Cranberry-Pecan Pound Cake","Desserts,Cakes
","1 cup chopped pecans (about 5 ounces)
1 ½ cups cranberries
2 cups sugar
1 cup (2 sticks) unsalted butter, room temperature
5 large eggs
¼ cup sour cream
¼ cup orange liqueur, such as Grand Marnier or Triple Sec
2 teaspoons vanilla extract
1 teaspoon grated orange peel
1¼ cups all purpose flour
1 cup cake flour
½ teaspoon salt
Powdered conf. sugar
","Position rack in center of oven and preheat to 350 degrees. Butter and flour (I use Bakers Joy) a 2½ quart tube cake pan or two loaf pans. 
Place pecans on cookie sheet and bake until lightly colored and fragrant, about 10 minutes. Cool. Coarsely chop cranberries.
Using electric mixer, beat sugar and butter in large bowl until light and fluffy, scraping sides of bowl once. Beat in eggs, one at a time. Beat in sour cream, then liqueur, vanilla and orange peel. Sift all purpose flour, cake flour and salt together. With mixer on low speed, add dry ingredients to egg mixture and stop when all flour has been added. Mix by hand until just combined. Fold in cranberries and pecans. Pour batter into prepared cake pan. Tap pan on counter to release any bubbles. (Place tin foil over bottom and up side a little, as my tube pan leaked a little.) Bake until tester inserted in center comes out clean, about 45 minutes for loaf pan and one hour for tube pan. (I think it takes longer). 
Cool cake in pan for 10 minutes. Turn out onto rack and cool completely. Wrap in plastic wrap and refrigerate at least one and up to 3 days. (Can be frozen up to 1 month or even longer.) Dust cake lightly with powdered sugar before serving.
","Grammie","0","0","20","0","0",
"278",,"Cream Puffs","Desserts
","¼ pound (1/2 cup) butter
1 cup flour
¼ t. salt 
4 eggs
Regular Pudding
1  3.4 oz. pkg. jello instant pudding mix
1 ¾ c. whole milk or 1 ½ c. 1% milk
16 oz container whipping cream
1 t. vanilla
1 t. sugar
or
Cornstarch Pudding
3 T. cornstarch
1/3 c. sugar
dash salt
½ c. cold milk
1 ½ c. scalded milk
1 t. vanilla
Choc. Sauce
1 square baking chocolate
1 cup sugar
½ t. vanilla
1 t. butter
1/3 c. milk
or
Creamy choc. frosting
¼ c. water
2 T. butter
t. vanilla
2 melted squares chocolate
2 c. sifted conf sugar
","Add ¼ pound (1/2 cup) butter to 1 cup boiling water. 
Stir to melt butter. Add 1 cup flour, ¼ t. salt all at once.
Cook stirring vigorously, until mixture is smooth and
Forms soft ball that does not separate.
Cool mixture slightly, add 4 eggs, one at a time.
Beat vigorously after each egg is added. Beat till smooth.
Drop batter onto greased cookie sheet.
Bake at 450 degrees for 15 minutes then
325 degrees for 25 minutes. 
Mini puffs  450 for 12 minutes, then 325 for 15 minutes.
When cool, fill with pudding.
Pudding
1  3.4 oz. pkg. jello instant pudding mix and
1 ¾ c. whole milk or 1 ½ c. 1% milk. Cool. 
16 oz container whipping cream, 1 t. vanilla, 1 t. sugar
or
Cornstarch Pudding
3 T. cornstarch
1/3 c. sugar
dash salt
½ c. cold milk
1 ½ c. scalded milk
1 t. vanilla
Mix c,s & s. Combine with cold milk. Cook in double boiler
Until thick; cover, cook 15 n 20 minutes. Add vanilla. Cool
Add some cool whip to it to thin it a little.
Choc. Sauce
1 square baking chocolate
1 cup sugar
½ t. vanilla
1 t. butter
1/3 c. milk
or
Creamy choc. frosting
¼ c. water  heat with
2 T. butter
add 1 t. vanilla & 2 melted squares chocolate
Add 2 c. sifted conf sugar. Beat.
","Grammie","0","0","0","0","0",
"279",,"Fresh Fruit Cake","Desserts
","1 1/2 cups orange juice
3/4 cups sugar
2 T cornstarch
1 t. grated lemon peel
1 t. grated orange peel
1/2 t. salt
1 14 1/2 to 16 oz pkg. angel cake mix
3 med. size peaches
1 pint strawberries
1 cup blueberries
","1. Prepare fruit sauce: In a 2 quart
saucepan over medium heat, mix
orange juice, sugar, cornstarch,
orange and lemon peels and salt.
Cook over medium heat, stirring con-
stantly, until mixture thickens and
boils; boil 1 minute. Cover saucepan
and refrigerate at least 1 hour or until
mixture is chilled.
2. Meanwhile, preheat oven to 375 degrees
Line 15 1/2 x 10 1/2 jelly roll pan with
waxed paper. Prepare cake mix as directed,
Spread batter evenly in pan. Bake 20 min.
or until golden.
3. Cover large wire rack with sheet of
waxed paper. When cake is done,
with small spatula, loosen it from
sides of pan; invert onto waxed paper
on rack. Lift off pan; peel off paper.
Cool cake completely, then return
cake to jelly roll pan or large tray. 
Cover if not using right away.
4. To serve: Spread top of cake with
 about half of chilled fruit sauce.. Slice fruit. 
Arrange on cake. Brush with remaining
sauce. Makes 12 servings
215 calories
","Grammie","0","0","12","0","0",
"280",,"Harvey Wallbanger Cake","Desserts Cakes","1 pkg. lemon cake mix
1 pkg. vanilla instant pudding (3.4 oz size)
1/2 cup sugar
1/2 cup vegetable oil
3/4 cup orange juice
1/4 cup Vodka
1/4 cup Galliano Liqueur
4 eggs","Mix all ingredients together with electric beater on medium speed for
4 minutes. Pour into greased and floured bundt pan. Bake 350 degrees for
45-50 mins.
 Glaze: After cake has cooled, drizzle 1 cup conf. sugar mixed with 1
tsp. butter and 1-2 T orange juice over cake.
Or 1 c. conf sugar, 1 T. Galliano and 1 t. Vodka, 1T. OJ","Grammie","0","0","0","0","0",
"281",,"Kahlua Cake","Desserts,Cakes
","1 package devils food cake mix
2 cups sour cream
1 package instant vanilla pudding mix
½ cup Kahlua
¼ cup oil
3 eggs, beaten
12 oz. chocolate chips (2 cups)
","Mix all ingredients by HAND.
Pour into a greased and floured bundt pan.
Bake at 350 degrees for 60  65 minutes.
Check with toothpick.
","Grammie","0","65","0","0","0",
"282",,"Lemon Angel Cake Roll","Desserts,Cakes
","1 pkg. (10 oz.) angel food cake mix
¾ cup plus 1 Tab. confectioners sugar
1 (8 oz.) pkg. reduced fat cream cheese, softened
¼ cup lemon juice
2 tsp. grated lemon peel
8 oz. reduced fat whipped topping, thawed
12 drops yellow food coloring, optional
Strawberries or raspberries
","Line 15 x 10 x 1 baking pan (jelly roll pan) with waxed paper.
Coat paper with Pam. Set aside. Prepare cake mix according
to package directions. Spread batter evenly in prepared pan.
Bake at 350 degrees for 25-30 minutes, or until golden.
Turn cake onto a kitchen towel that is lightly dusted with
conf. Sugar. Gently peel off wax paper. Dust with ¼ cup 
conf. Sugar. Roll up cake in towel, jelly roll style, starting
with a short side. Cool completely on wire rack.
Beat cream cheese and ½ cup conf. Sugar. Stir in lemon juice
and lemon peel. Fold in whipped topping and food coloring.
Unroll cake and spread with filling to 1 inch of edges.
Roll up again. Dust with remaining conf. Sugar.
Refrigerate 1  2 hours. Cut into slices. Garnish with berries.
12 servings.
","Grammie","0","0","12","0","0",
"283",,"Maisonette Mousse au Chocolate","Desserts
","¼ c. sugar
4 t. rum
¼ # semi sweet chocolate
2 egg whites
2 c. heavy cream
","Place sugar and rum in small pan. Cook over low
Heat until melted and syrupy but not brown.
Break choc. into small pieces in small pan.
Melt over low water-let syrup cool to choc. temp.
Add syrup. Stir to smooth. If too thick, add more
Rum. Let this mixture become cool. Beat egg whites.
Fold choc. mixture into it. Whip cream and fold in
Also. Chill. Serves 8-10.
","Grammie","0","0","10","4","0",
"284",,"Ann's Chocolate Mousse","Desserts
","4 oz. sweet milk-chocolate -Cadburys
2 eggs separated
(1 egg, 2 oz choc. per person)
","Melt choc. over warm water till melted. Remove from heat.
Beat egg yolks  add to choc. while hot, beating thoroughly. (This cooks yolk)
Cool 15 minutes. Beat egg whites to soft peak.
Fold into choc. mix. Spoon into dishes, cover and chill.
Garnish with shaved choc. and whip cream
","Grammie","0","0","2","0","0",
"285",,"Old Fashioned Bread Pudding","Desserts,Breads
","3 T. butter, melted
¾ c. sugar
2 c. milk
3 large eggs
2 t. vanilla
3  1 thick French bread slices, torn into small pieces
","Drizzle butter into an 8 square pan
Whisk together sugar and next 3 ingred in a large bowl.
Stir in bread. Spoon into pan.
Bake at 350 degrees for 15 minutes. Stir. Bake 35 min.
More or until pudding is set.
","Grammie","0","0","4","0","0",
"286",,"One Bowl Chocolate Cake","Desserts,Cakes
","6 squares Bakers Semi-sweet chocolate
¾ cup (1 ½ sticks) butter
3 eggs
2 t. vanilla
2½ c. flour
1 t. baking soda
¼ t. salt
1½ c. water
","Microwave chocolate and butter on high for about 2 minutes
Until melted.
Stir sugar into chocolate mixture until well blended.
Beat in eggs, one at a time, until completely mixed.
Add vanilla. Add ½ cu flour that is mixed with soda and salt.
Beat in remaining flour alternately with water until smooth.
Pour into 2 greased and floured pans and bake at 350 degrees for
35 minutes or until toothpick is clean. Cool in pans for 
10 minutes. Then invert on wire racks and cool completely.
","Grammie","0","0","0","0","0",
"287",,"Peach Crisp","Desserts
","1 cup flour
½ cup packed brown sugar
¼ tsp. salt
½ cup butter
Filling
2 cans (16 ounces each) sliced peaches (1 quart jar)
1 cup sugar (used ½)
¼ cup cornstarch (used 2 Tbs.)
Topping
1 ½ cups rolled oats
½ cup brown sugar
¼ cup flour
5 Tbs. Butter
","In a bowl, combine flour, brown sugar and salt. Cut in butter until crumbly. Pat into a greased 9 in. square baking pan. Bake at 350 for 15 minutes. Meanwhile, drain the peaches and reserve juice in a medium saucepan. Add sugar and cornstarch; bring to a boil, stirring constantly. Boil for 2 minutes or until thickened. Remove from the heat; stir in peaches. For topping, combine oats, brown sugar, and flour. Cut in butter until crumbly. Sprinkle over filling. Bake at 350 for 25-30 minutes or until golden brown.
","Grammie","0","30","0","0","0",
"288",,"Rhubarb Pie","Desserts,Pies
","3 Tab. flour
1 cup sugar
4 cups rhubarb (5 Cups=1 ¼ c. sugar)
","Mix flour and sugar together. Mix with rhubarb.
Add 1 egg that is beaten with 1 Tab. water.
Place in pastry shell. Top with 1 Tab. butter
Top with solid crust with slits.
Bake 450 degrees for 10 minutes
375 degrees for 40 minutes.
","Grammie","0","40","0","0","0",
"289",,"Chocolate Chip Rugalach","Desserts
","2 c. all purpose flour
1 cup (2 sticks) butter
 slightly softened
1 cup vanilla ice cream, softened
1 cup semi sweet choc. chips
1/2 cup strawberry jam
1 cup finely chopped walnuts
powdered sugar
","Beat flour and butter, beat in ice cream. Blend well.
Divide dough into 4 balls and wrap each in waxed paper.
Refrigerate until firm (approx. 1 hour).
Heat oven to 350 ° Roll out each dough ball
on a floured surface. Shape each into an 11 x 6 inch 
rectangle, about 1/8 inch thick. Spread ach with 2 Tab.
jam and sprinkle with 1/4 of chips and walnuts.
Roll up lengthwise as for a jelly roll. Place on an
ungreased cookie sheet. Cut 12 diagonal slits in the
roll, but do not cut all the way through.
Bake for 35 minutes or until golden brown.
Let cool 5 minutes. Cut through each roll and 
separate the pieces. Finish cooling on wire rack.
Sprinkle with conf. sugar if desired
","Grammie","0","0","0","0","0",
"290",,"Sour Cream Pound Cake","Desserts,Cakes
","1 c. butter
3 c. sugar
6 lg. eggs
3 c. flour
¼ t. baking soda
1 c. sour cream
1 t. vanilla
1 t. almond extract
","Beat sugar medium speed about 2 minutes. 
Gradually add sugar, medium speed  5-7 minutes.
Add eggs, one at a time, beating just till the yellow disappears.
Combine flour and baking soda.
Add to mixture alternately with sour cream, beginning and ending with flour.
Mix at lowest speed until blended. Add flavorings.
Put tinfoil under a 10 tube pan which has been greased and floured. (Bakers Joy)
Bake at 325 degrees for 1 hour and 20 minutes. I needed more!
Cool in pan on wire rack 10-15 minutes. Remove from pan and cool.
","Grammie","0","0","0","0","0",
"291",,"Steamed Chocolate Pudding","Desserts,Cakes
","1 egg
1 c. sugar
2 T. butter
2 squares melted baking chocolate
1 ¾ c. flour
1 t. salt
¼ t. soda
¼ t. cream of tarter
1 c. milk
1 t. vanilla
","Beat well, 1 egg, 1 cup sugar, 2 T. soft butter,
2 squares melted baking chocolate
Sift tog.  1 ¾ c. flour, 1 t. salt,
¼ t. soda, ¼ t. cr. of tarter.
Beat in alt. with 1 c. milk & 1 t. vanilla.
Pour into greased and floured 1 quart mold. (I use Bakers Joy)
Steam 2 hours.
","Grammie","0","0","0","0","0",
"292",,"Strawberries and Cream Layer Cake","Desserts,Cakes
","1 box butter recipe golden cake mix (1# 2.5 oz)
3 large eggs
¾ c. buttermilk
½ cup unsalted butter (1 stick) room temp,
1 T. vanilla
¾ t. almond extract
1  10 oz. pkg. frozen strawberries in syrup, thawed.
4 cups chilled whipping cream.
¾ c. sugar
3  1 pint baskets fresh strawberries. Hulled and sliced
","Preheat oven to 350 degrees. Butter and flour 9x13 pan or
2 8 layer cake pans. Using electric mixer, beat cake mix,
eggs, buttermilk and butter in large bowl until moistened,
about 30 seconds. Beat on medium speed for 4 minutes.
Beat in both extracts. Transfer batter to pan. Bake until 
golden about 28 minutes for 9x13. Less for layer.
Cool on rack about 20 minutes. Turn onto rack and cool.
Puree thawed berries with syrup in small cuisinart.
Beat cream with sugar in large bowl until peaks form
Using serated knife, cut cake horizontally in half.
Transfer bottom half of cake, cut side up, to platter.
Spread 1 cup strawberry puree over cake. Arrange 1 ½ c.
strawberries in single layer on cake. Spread 2 c. whipped cream
over strawberries. Top with 2nd half of cake, cut side down.
Spread remaining puree on top. Frost top and sides of cake
with rest of whipped cream. Garnish top with rest of berries.
Can be prepared 8 hours ahead and refrigerated.
","Grammie","0","0","0","0","0",
"293",,"Tracy's Peach Cobbler","Desserts,Cakes
","2 cups peaches, peeled and sliced
1 ¾ cups sugar. divided
1 stick butter. melted
1 ¼ cup flour
2 teas. baking powder
¾ cup milk
pinch of salt
1 Tab. vanilla
","Preheat oven to 350 degrees
Mix peaches with 1 cup sugar, set aside
Melt butter in 9x9 pan or other 9 round casserole
Mix together ¾ c. sugar, flour, BP, milk salt and vanilla
Pour batter evenly over butter. 
Place peaches on top. Do not stir.
Bake for 1 hour
","Grammie","0","60","8","0","0",
"294",,"Crab Cakes","Seafood
","2 slices white bread
1-2 T milk
1 t. old bay seasoning
1 T. baking powder
¼ t. salt
1 t. Worcestershire sauce
1 beaten egg
1 T. chopped parsley
1 T. mayonnaise
1 # crab meat
","2 slices white bread, crusts removed, broken into small pieces
Soak in 1-2 T milk
Add: 1 t. old bay seasoning
1 T. baking powder
¼ t. salt
1 t. Worcestershire sauce
1 beaten egg
1 T. chopped parsley
1 T. mayonnaise
1 # crab meat
Mix ingredients. Make into 8 patties. Fry quickly till brown.
Serve with cocktail sauce
","Grammie","0","0","0","0","0",
"295",,"Grilled Salmon Fillet","Seafood
","1 salmon fillet (about 1 pound)
2 T. lemon juice
2 T. red wine vinegar
2 t. grated lemon peel
1 ½ t. dried basil
1 t. garlic powder
1 t. soy sauce
4 ½ t. grated parmesan cheese
dash pepper
","Place fish skin side down in disposable foil pan.
Combine lemon to soy; pour over fish
Sprinkle with cheese and pepper
Place pan on grille
Cover grille and cook on medium 15-20 minutes
Or until fish flakes easily with fork
","Grammie","0","0","0","0","0",
"296",,"Easy Grilled Salmon Fillet","Seafood
","Fillet
Lemon juice
melted butter
dill
","Wrap in foil and grill
","Grammie","0","0","0","0","0",
"297",,"Pistachio Crusted Salmon","Seafood
","1 to 3# side of salmon, skin removed
1 heaping cup shelled pistachios, coarsely blended
½ cup or more pesto 
","1 to 3# side of salmon, skin removed
1 heaping cup shelled pistachios, coarsely blended
½ cup or more pesto (I use Knorrs that you mix up) Preheat oven to 375 degrees
Remove any bones
Use tin foil on broiler pan. Place fish on it.
Cover with pesto
Pack pistachios on top
Remove any loose ones as they might burn
Bake 22 to 24 minutes (more if thick) at 375 degrees
Do not overcook
Let cool 2-3 minutes then cut with sharp knife into serving pieces
Serve immediately. Serves 6-8
","Grammie","0","24","7","0","0",
"298",,"Mustard Pickle","Vegetables,Salads
","2 qts. green tomatoes
3 jars cocktail onions
2 large red peppers
4 large green peppers
1 cauliflower
1 english (small seeds) cucumber
Sauce
1 ¼ cup flour
3 cups light brown sugar
6 ounces dry mustard
2 tab. tumeric
2 quarts vinegar
","Wash and cut into small pieces. Cover with water and salt (! quart water to ¼ c. salt). Let stand 1 hour then bring to a boil 10 to 15 minutes, till barely tender. Drain.
Sauce:
Mix mustard, tumeric and flour with enough vinegar to make a thin paste, then add sugar and rest of vinegar (I use a whisk for adding things!)
Cook on medium heat till sauce thickens stirring constantly to prevent burning. Add vegetables and heat a little more. Seal in sterilized (just pour boiling water in them and then tip upside down) jars. Makes about 8 pints. I keep it refrigerated so I dont have to process it.
","Grammie","0","0","0","0","0",
"299",,"Lois H's Dill Pickles","Vegetables,Salads
","32 oz baby dills  slice and drain
1 ½ cup sugar
½ c. cider vinegar
stick cinnamon
¾ T pickling spice or ½ t. celery seed
1 t. mustard seed
¼ t. ground allspice
","Boil solution 1 minute. Pour over sliced pickles. Set in solution 24 hours
Tip jar upside down
","Grammie","0","0","0","0","0",
"300",,"Blender Hollandaise Sauce","Sauces
","½ cup butter
3 egg yolks
¼ t. salt
Dash white pepper
½ t. prepared mustard
","Heat butter in microwave. Put rest of ingredients
in blender container. Cover and blend about 5 seconds.
While running, add melted butter in slow stream till
blades are covered. Turn to higher speed and add
rest of butter slowly. Serve immediately. Great on
Eggs Benedict
","Grammie","0","0","4","0","0",
"301",,"Spicy Cherry Sauce for Ham","Sauces
","3/4 cup sugar
dash salt
2 tablespoons cornstarch
3/4 cup orange juice
1 tablespoon lemon juice
1 16-ounce can pitted, tart red cherries (water pack)
1 1-inch stick cinnamon
1/2 teaspoon whole cloves
1/4 teaspoon red food coloring
","Tie cinnamon and cloves in cheese cloth bag.
Combine sugar, salt, and corn starch.
Stir in orange and lemon juices. 
Add undrained cherries, spice bag and food coloring.
Cook, stirring constantly, over medium heat until mixture thickens and comes to a boil.
Boil two minutes.
Before serving remove spice bag.
Serve warm with ham.
Makes 3 cups.
","Margaret Cyrus","0","0","0","0","0",
"302",,"Cranberry Sauce","Sauces,Holidays,Christmas
","4 cups cranberries 
1 ½ c. cold water
2 cups sugar
","To 4 cups cranberries (1-1/3 pkg.)
Add 1 ½ c. cold water
Boil rapidly until skins pop (about 5 min.)
Press through fine sieve (foley mill)
to remove skin and seeds. Return to cooking pot.
Add 2 cups sugar. Boil rapidly 3 minutes.
Stirring occasionally. Skim off top foam.
Pour into jar or molds. Cool at room temp,
Store in refrigerator. Makes about 1 quart.
","Grammie","0","0","0","0","0",
"303",,"Horseradish Sauce for Ham","Sauces
","¼ c Mayonnaise
¼ c Sour Cream
2 T Grey Poupon Mustard
1 T Horseradish
Chives
Salt
Lemon Juice
","Mix together and chill.
","Grammie","0","0","0","0","0",
"304",,"Grammie's Hot Fudge Sauce","Sauces","1/2 c. real butter (1 stick)
2 oz baking chocolate
1 c. light cream or half and half
1/2 c. cocoa
1 1/2 c. sugar
pinch of salt
2 t. vanilla
","Melt together:
1/2 c. real butter (1 stick), 
2 oz baking chocolate. 

Add 1 c. light cream, 1/2 c. cocoa, 1 1/2 c. sugar, pinch of salt. 

Blend.
Bring to a full boil.
Remove from heat.

Add:
2 t. vanilla

Refrigerate until needed.
Heat to serve.
","Grammie","0","0","0","0","0",
"305",,"Asparagus Soup ","Soup
","¼ c. butter 
½ c. chopped onion 
1/3 c. flour 
2 c. cooked chopped asparagus
2 c. half and half
1 t. nutmeg
S & P
2 c. chicken broth
1 T. chicken base
"," Melt butter. Add onion. Cook till transparent.
Stir in rest of ingred. Except asparagus. Bring to a boil.
Add asparagus. Reduce heat and simmer 25-30 min.
Put in blender.
","Grammie","0","30","0","0","0",
"306",,"Butternut Squash Soup","Soup
","3-4 T. unsalted butter (can use salted)
2-3 large leeks, washed and sliced (white parts only) Can use Vidalia onion
2 pounds (about 3 small) butternut squash, peeled, seeded and cubed
4 cups chicken broth (can use non fat)
Salt & Pepper to taste
","Saute leeks in butter. Add squash and broth.
Bring to a boil, reduce heat and simmer till tender (30ish minutes)
Puree in blender and add S & P, ½ c. light cream, ¼ c. sherry (optional)
","Grammie","0","0","0","0","0",
"307",,"Cantaloupe Soup","Soup
","2 ripe cantaloupes chopped
¼ c. plain yogurt
3 T. lemon juice
1 t. balsamic vinegar
1 T. honey
¼ t. salt
","Put melon in processor and puree till smooth.
Add rest of ingred. Puree till fine-5 minutes
Chill. Serve in wine glasses. 4-6 servings
I did one melon at a time so container would
Not overflow.
","Grammie","0","0","5","0","0",
"308",,"Corn Chowder","Soup
","1/8 # Salt Pork
1 diced large onion
2 large potatoes, diced
2 c. boiling water
1 - 12 oz can whole grain corn
1 - 12 oz can creamed corn
1 t. salt
1/8 t. pepper
1 qt. milk=some cream if on hand
1/4 t. paprika
","Cut salt pork into small cubes; place in kettle
and cook on med. heat stirring often, till brown
and crisp. Remove and keep warm. Add onions 
to fat and cook till tender stirring occasionally.
Add potatoes and boiling water and cook till
tender. Add corn, seasonings, milk, pork bits.
Heat well over low heat.. Serve sprinkled with
paprika. Better second day.
","Grammie","0","0","0","0","0",
"309",,"Pappagallo Gazpacho","Soup
","4 cups V-8 juice
4 large tomatoes, peeled and seeded
2 chopped green onions (or 1 med. onion)
1 cucumber, peeled and seeded
½ green pepper
½ cup celery
parsley
clove of garlic
4 Tab. olive oil
3 Tab. red wine vinegar
","Blend till relatively smooth, retaining some crunch.
Tobasco if desired
Chill at least 4 hours
Serve in cold mugs with a dollop of sour cream on top 
If desired
","Grammie","0","0","0","0","0",
"310",,"Pea Soup","Soup
","1# dry green peas
½ onion
1 cup cold water
1 hambone
½ c. cut up carrots
½ c. diced potato
¾ c. chopped onion 2 qts. boiling water
1+ t. salt
pepper
2 chicken boullion cubes
","Wash peas. Soak if possible. Put together with cold water and onion. 
Lay hambone on top. Add boiling water salt and pepper. Bring to a boil.
Reduce heat and allow to simmer until peas are tender, about 90 minutes.
Remove hambone.
While soup is cooking, cook carrots, potato and onion in a pan. Drain.
Put soup mixture in blender, a little at a time. Then add ham from ham bone 
And vegetables. Check for seasoning.
","Grammie","0","0","0","0","0",
"311",,"Southwest White Chili","Poultry,Soup
","1 T. olive oil
1-1/2 lb. boneless, skinless chicken breast, cut into small cubes
¼ c. chopped onion
1 c. chicken broth
1 can (4 oz.) chopped green chilies
1 can (19 oz. or 15 oz.) white kidney beans (cannelloni), undrained
2 green onions, sliced
Southwest Spice Blend:
1 t. garlic powder
1 t. ground cumin
½ t. oregano leaves
½ t. cilantro leaves
1/8 t. ground red pepper
","1. Heat oil in large saucepan over medium-high heat. Add chicken and onions; cook 4-5 min.
2. Stir in broth, green chilies and Spice Blend; simmer 15 min.
3. Stir in beans. Simmer 5 min. Top with onions. Garnish with Monterey Jack cheese, if desired. Makes 4 cups.
NOTE: I always double or triple this recipe, except for the chicken, unless you want more chicken. I prefer not to use the cilantro. The consistency is close to soup, so if you want it thicker, you can use instant potato buds, a little at a time. I usually simmer for at least ½ to 1 hour&. Enjoy! 
","Amy","0","0","0","0","0",
"312",,"Tortellini Soup ","Pork,Soup
","One quarter pound mild Italian sausage (casing removed)
1 cup sliced zucchini squash
One half cup green pepper squares
1 medium clove of garlic bud, minced
One half cup chopped onion
One quarter teas. crushed oregano
2 cans chicken broth, (10 + oz.) or use large one if you double recipe (46-49 oz)
One and one half soup cans water
One -8 oz. can tomatoes, diced (use juice too)
One -8 oz. package frozen tortellini
2 Tab. chopped parsley
","In large saucepan, cook sausage, zuc, gr. pepper, onion, garlic and oregano until sausage is done. Stir to separate meat while cooking. Add remaining ingredients. Bring to a boil. Reduce heat. Simmer 5 minutes or until done, stirring occasionally.
If frozen tortellini is not available, can use 8 oz. box and cook it in the chicken broth.
","Grammie","0","0","0","0","0",
"313",,"Turkey Chowder","Poultry,Soup
","Vegetable cooking spray
1 small onion chopped
1 c. turkey or chicken broth
1 (8-3/4 ounce) can cream style corn
1 medium potato, peeled and cubed
1/2 cup chopped celery
1 cup cubed cooked turkey
1/4 teas. salt
Dash pepper
1/8 teas. paprika
1/8 teas. ground ginger
½ cup milk
1 cup half and half
2 teas. chopped fresh parsley
","Coat a large nonstick skillet with spray; place over medium-
high heat until hot. Add onion and saute until tender. Add 
broth and next 4 ingredients; bring to a boil. Cover, and 
reduce heat, and simmer 20 minutes or until potatoes are
tender. Add seasonings; grad. stir in milk and half and half.
Cook over low heat until soup is heated through, stirring
occasionally. Ladle into bowls, and sprinkle with parsley.
1 Quart.
","Grammie","0","0","0","0","0",
"314",,"Turkey Barley Soup","Poultry,Soup
","1 turkey carcass
6 qts. water
12 peppercorns
3-4 stalks celery, cut into fourths
2 bay leaves
1 large onion, cut into eighths
Pinch of garlic powder
1 cup barley
2 (16 oz) cans diced tomatoes
1 cup chopped onion
1 cup chopped celery
1 cup chopped carrot
2 teas. salt
1/4 teas. pepper
","Combine first 7 ingredients in a large Dutch oven; bring to a boil
Cover, reduce heat, and simmer 1 hour. Remove 
carcass from broth, and pick meat from bones; set aside.
Measure 4 qts. broth and return it to Dutch oven;
Refrigerate remaining broth for other uses. Bring broth to
a boil. Add barley; reduce heat to medium, and cook 45 
minutes. Add turkey, tomatoes and remaining ingredients;
Simmer 30 minutes. Remove bay leaves. Yield about 
5 quarts.
NOTE: For Chicken carcass, I half the ingredients 
","Grammie","0","0","0","1","0",
"315",,"Winter Vegetable Soup","Soup
","3 T. Butter
1 med. head cabbage, chopped
4 medium carrots, sliced
2 stalks celery, diced
1 medium leek, diced
1 T. flour
1 ½ t. salt
½ t. pepper
1-13 3/4 oz. can chicken broth
1 10 oz. pkg. frozen baby Lima beans
6 cups water
½ cup regular rice
1 10 oz. pkg. frozen chopped spinach
½ cup heavy cream or half and half
","Cook first 5 ingredients about 10 min. 
Stir in flour, salt and pepper.
Add next 4 ingredients and simmer 35 minutes.
Add spinach and break up.
Stir in cream and heat through
Yum!
","Grammie","0","0","0","0","0",
"316",,"Punch","Beverages
","1 can pineapple juice
1- 6 oz. can lemonade
1 quart lemon sherbert
1-1/2 quarts ginger ale
","Have ingredients cold
Serve in punch bowl
","Grammie","0","0","16","0","0",
"317",,"Incredible Pimiento cheese spread","Sauces,Appetizers
","2 (8 oz.) packages cheddar cheese
2 (8 oz.) packages sharp cheddar cheese
1 (16 oz.) loaf process cheese spread (Velveeta)
3 T. sugar
½ t. salt
½ t. pepper
2 (4 oz.) jars diced pimiento, drained
2 cups mayonnaise (Hellmans)
","Position shredding disk in food processor bowl;
shred cheddar cheeses. Cut cheese loaf into
cubes. Position knife blade in processor bowl;
Add half of cheeses. Process until smooth,
stopping once to scrape down sides. Transfer
mixture to a bowl. Add remaining cheeses, sugar, 
S & P to processor bowl; process until smooth
stopping once to scrape down sides.
Stir into cheese mixture in bowl. Stir in pimiento
and mayonnaise.
Yield: 2 quarts
Note: This dish may be frozen
I usually half this recipe
","Grammie","0","0","0","0","0",
"318",,"Artichoke Spread","Appetizers,Entertaining
","Mix one 14 oz. can artichokes, drained and cut up
1 cup Parmesan cheese
1 cup Hellmans mayo
4 oz. can green chilis
garlic salt
","Mix all ingredients together and place in a glass container
Cover
Bake 20 min at 350 Degrees
Serve with town house crackers or tortilla chips
","Grammie","0","20","0","0","0",
"319",,"Chicken Salad","Poultry Salads Entertaining","3 cups diced cooked chicken
1-1/2 cups diced celery
3 t. Lemon juice
1-1/2 cups seedless green grapes sliced
¾ cups slivered toasted almonds
Dressing:
1 cup Hellmans
¾ t. salt
pepper
1 t. dry mustard","Combine chicken, celery, & lemon juice, chill an hour. 

Add grapes and almonds

Toss with dressing","Grammie","0","0","0","0","0",
"484",,"Baked Chicken","Poultry","Chicken
Milk
1/2 tsp. Salt
1 T Morton’s Season All or Lawry's season salt 
3/4 tsp. Pepper
1 c. Flour
2 tsp. Paprika
Butter","Place thawed chicken breast tenderloin strips in a bowl of milk. Let soak for 20-30 min. 
 
Mix in a Gallon Size Ziploc or Large Bowl: 

1/2 tsp. Salt
1 T Morton’s Season All or Lawry's season salt 
3/4 tsp. Pepper
1 c. Flour
2 tsp. Paprika

Preheat oven to 400 degrees. Cut 1/2 stick of butter into a few pieces and place in a 9x13 pan. Melt butter in pre-heated oven. 

Spread melted butter around the bottom of the pan. Lightly spray the pan, if needed, to make sure that there are no dry spots. 

Shake excess milk off of chicken and completely coat each piece with the seasoning mix. You can either shake the chicken in the bag, until coated, or dip each piece in the bowl until coated. 

Place each piece of chicken in the pan. 

Cook for 10-20 min. Turn each piece of chicken and continue cooking for 10-20 more minutes, or until cooked through. (I did 15/10 min)

","Sandy Seifert","0","0","0",NULL,"0",NULL
"320",,"Tossed Fruit Salad","Salads,Entertaining
","Dressing:
1 c. oil
¼ c. sugar
1 t. dry mustard
1/3 c. white vinegar
1 ½ Tab. poppy seed
1 head lettuce, wash, dried and torn
1 pint fresh strawberries, halved
2 oranges, peeled and diced or mandarin oranges or clementines
2 avocados, peeled and diced 
1 t. salt
","Dressing-Mix together in blender: Chill well.
For salad, add avocado just before serving or put
lemon juice on avocado
","Grammie","0","0","0","0","0",
"321",,"North Shore Chicken Salad ","Poultry,Salads,Entertaining
","Dressing: Put in blender or processor and blend together:
2 large cloves garlic minced
1 Tab. Dijon Mustard
1/2 teas. salt
1/4 teas. sugar
1/4 teas. freshly ground pepper
1/4 cup rice wine vinegar
1/3 cup vegetable oil 
Salad:
4 c. freshly cooked wild rice (1 cup dry cooked in 3 c. chicken stock or broth
Juice of 1 lemon. Add to warm rice and cool.
1 whole chicken breast cooked and cubed or shredded
3 scallions including tops
1/2 red bell pepper diced
2 oz. snow peas, boiled 1 minute, drained and cut into 1 pieces
1 or 2 ripe avocados, cut into med size pieces
1 cup roasted pecan halves
Lettuce leaves
","Mix all but last three ingredients with the dressing. Cover; refrigerate 2-4 hours
Just before serving, add the avacados and pecans and toss. Transfer to a salad bowl and garnish with lettuce leaves.
Serve with potato salad, deviled eggs, pickle and olive plate, fresh vegetables cut up with a dip in center, bowl of fresh fruit cup up
Ham, cheese, buns (Costco 39 in a bag), mustard, mayonnaise (Hellmans)
","Grammie","0","0","0","0","0",
"322",,"Diet Cheesecake","Desserts,Cakes
","2 1/2 tsp. Sweet & Low
4 eggs
1 1/3 8 oz. pkgs. cream cheese
20 oz. light sour cream
1 1/2 Tbsp. vanilla extract
3 Tbsp. cocoa (I like the Dutch cocoa)
1/3 c. crushed sliced almonds for crust
","Butter a 9 inch square pan. Blend almonds in blender till fine. Pour in pan over bottom and sides. Mix eggs and Sweet & Low till foamy. Add cream cheese that has been cut into small chunks. Mix till only small lumps remain. Add sour cream and vanilla. Mix well. Pour half of batter into crust. To other half, add cocoa. Blend well. Pour over vanilla batter. Bake at 350 degrees for about 40 minutes until just set. Cool for 30 minutes. Then refrigerate.
","Grammie","0","40","0","0","0",
"323",,"Diet Ice Cream","Desserts
","2 cups heavy (whipping) cream
2 eggs
1 package gelatin
1 Tbsp. vanilla extract
3 1/4 tsp. Sweet & Low
1/2 c. cold water
1/4 c. cocoa (for chocolate ice cream) OR
1 Tbsp. plus 1 Tsp. decaf. coffee crystals (for coffee ice cream)
","Heat cream. Sprinkle gelatin over cold water to soften. Whisk eggs and gelatin into cream. Whisk until mixture begins to thicken (or coat the whisk). Remove from heat. Add Sweet & Low, vanilla, and either cocoa or coffee crystals. (I guess you could mix the two for mocha ice cream, but I never tried it). Whisk till smooth. Chill for about 2 hours. Follow manufacturer's instructions for ice cream maker. 
","Grammie","0","0","0","0","0",
"324",,"Croquettes (Salmon or Crab) ","Seafood
","1 large can salmon, drained, bones removed ( or 16 oz. crabmeat)
1 egg
1/2 c. chopped celery
1/4 c. mayo
Seasonings to taste - I use Old Bay, rosemary, parsley and McCormick lemon bits.
","Mix well. Form into 4 patties. Bake on non-stick cookie sheet at 325 degrees for 30 minutes. These freeze well.
","Grammie","0","30","0","0","0",
"325",,"Croissant French Toast with Fresh Strawberry Syrup","Breakfast
","2 large day-old croissants
3/4 cups milk
2 large eggs
1 teaspoon vanilla extract
2 tablespoons butter
3 tablespoons powdered sugar
Whipped Cream (optional)
Fresh Strawberry Syrup:
1 quart fresh strawberried
1/2 cup sugar
1/4 cup orange juice
1 teaspoon orange rind
","Slice croissants in half lengthwiese
Wisk together milk, eggs, and vanilla. Pour into shallow baking dish. Dip croissant halves into egg mixture, coating well.
Melt 1 tablespoon butter in a large nonstick skillet over medium heat. Add four croissant halves, and cook about 2 minutes on each side or until golden brown. Repeat procedure with remaining butter and croissants. Sprinkle with powdered sugar. Top with whipped cream and strawberry syrup.
Fresh Strawberry Syrup:
Combine all ingredients in a saucepan, and let stand 30 minutes or until sugar dissolves. Cook over low heat, stirring occassionally, 5 minutes or until warm.
","Southern Living","25","10","4","0","0",
"326",,"Marinated London Broil","Beef
","1 (12 ounce) can cola soft drink
1 (10 ounce) bottled teriyaki sauce
1 (2.5 - 3 pound) London Broil
","Combine cola and teriyaki sauce in a shallow baking dish or large zip-loc bag; add London Broil. Cover or seal and chill 24 hours, turning occassionally.
Remove london broil from marinade, discarding marinade.
Grill, covered with grill lid, over medium heat (300-350 degrees) 12 to 15 minutes on each side or to desired degree of doneness. Let stand 10 minutes; cut diagonally into thin slices across the grain.
","Southern Living","5","30","6","0","0",
"327",,"Easy Parmesan Garlic Chicken","Poultry
","1/2 cup parmesan cheese
1 envelop Italian salad dressing mix
6 boneless, skinless chicken breast halves
1/2 t garlic powder
","Mix cheese, garlic powder, and salad dressing mix.
Moisten chicken with water; coat with cheese mixture. Place in shallow baking dish
Bake at 400 degrees for 20-25 minutes or until chicken is cooked trhough
","Kraft","5","30","6","1","1",
"328",,"Mom's Beef Stroganoff","Beef,Casseroles
","1 lb. cooked beef sirloin steak or top round cut in 1/4 inch strips
1 chopped onion (optional)
1 can cream of mushroom soup
3/4 cup chicken broth
3 T ketchup
2 teaspoons worchestershire sauce
2 T cooking wine
1 package (8 oz.) egg noodles
","Cook noodles. Mix liquid ingredients together. Add beef. Pour into 2.5 quart casserole dish. Bake for 40 minutes at 350 degrees.
","Linda Dietz","0","0","0","0","0",
"329",,"Oh Boy Waffles","Breakfast
","2 1/2 C. Sifted flour
4 t Baking Powder
3/4 t Salt
1 T Sugar
2 Beaten Eggs
2 C Milk
1/4 C. light sour cream or buttermilk
3/4 C. oil
1 t Vanilla
","Use electric mixer to beat eggs. Stir in the rest of the liquid ingredients.
In a seperate bowl, mix the dry ingredients.
Combine all ingredients, mixing by hand until no dry flour can be seen. Do not overmix.
Bake in waffle iron on medium.
","Aunt Eleanor","15","30","6","2","3",
"333",,"Dirt","Desserts
","1/2 cup butter, softened 
1 (8 ounce) package cream cheese, softened 
1/2 cup confectioners' sugar 
2 (3.5 ounce) packages instant vanilla pudding mix 
3 1/2 cups milk 
1 (12 ounce) container frozen whipped topping, thawed 
32 ounces chocolate sandwich cookies with creme filling 
","Chop cookies very fine in food processor. The white cream will disappear. 
Mix butter, cream cheese, and sugar in bowl. 
In a large bowl mix milk, pudding and whipped topping together. 
Recipe yield: 2 medium size flower pots or 1 large
Combine pudding mixture and cream mixture together. 
Layer in flower pot, starting with cookies then cream mixture. Repeat layers. 
Chill until ready to serve. 
Add artificial flower and trowel. Enjoy! 
","allrecipes.com","0","0","20","1","3",
"334",,"Chocolate Chip Cheese Ball","Appetizers
","8 oz. package cream cheese
1/2 stick butter
3/4 cups powdered sugar
2 T brown sugar
1/4 t. vanilla
3/4 cups mini choc. chips
graham crackers/sticks
","Beat together cream cheese and butter. Add sugar and vanilla. Beat until creamy. Fold in mini choc. chips. Put in fridge for several hours. Serve with graham crackers or graham cracker sticks (chocolate or regular)
","Cheryl Carter","0","0","0","1","0",
"335",,"Fruit Cobbler","Desserts
","2 cups berries (fresh or thawed and drained)
1/2 cup sugar
1 cube butter
3/4 cups milk
3/4 cups flour
3/4 cups sugar
2 T. baking powder
","MIx berries and sugar and set aside. Heat overn to 350 degrees. Put stick of butter in 3 quart casserole and place in oven. While butter is melting, mix milk, flour, sugar and baking powder in blender. ONce butter is fully melted (not brown), pull out of oven. Pour flour mixture evenly in pan. Do not stir. add berry mix evenly on top of butter/batter. Do not stir. Bake for 1 hour. Cobbler will rise. 
Serve warm with ice cream.
","Amy Taylor","0","60","5","1","0",
"336",,"Mom's Burgers","Hamburger
","1 1/2 lbs ground beef
1/2 cup ketchup
1 T onion flakes
1/2 cup bread crumbs (less if real)
NOTE: All measurements are approximate
","Combine all ingredients. Make into balls and flatten. Cook on one side until juice is visible.
Makes 5 burgers
","Sandy","0","0","5","1","2",
"337",,"Baked Ziti","Hamburger,Italian,Pasta,Casseroles
","2 T. olive oil
1 medium onion, chopped
2 cloves garlic, minced
28 oz. can crushed tomatos
1/2 t. dried oregano
1 t. dried basil
1/8 t. pepper
8 oz. ziti
1 cup shredded mozzerella
2 T. parmesean cheese
","In skillet, heat oil over low heat for 1 minute. Add onion and garlic then cook until soft. 
Add tomatos, oregano, basil, and pepper. Bring to boil and simmer 20 minutes. Heat oven to 375 degrees.
Cook pasta, drain well. Place in 13 x 9 casserole dish. Sprinkle with cheese. Bake uncovered 30 minutes.
","Cheryl Carter","20","30","9","0","0",
"338",,"Crepes","Desserts
","3 eggs
1 1/4 c. flour
1 1/2 c. milk
2 T melted butter
pinch salt
","Beat eggs with whisk. Add rest of ingredients. Brush butter on skillet. Put about 2 T. of batter into skillet - spread around. Turn crepe over and cook on other side.
Makes 20 crepes
","Grammie","0","0","10","0","0",
"339",,"Dump Bars","Desserts,Cookies
","2 cups white sugar
5 eggs
1 cup vegetable oil (or 1/2 c. applesauce & 1/2 cup oil)
1/2 cup unsweetened cocoa powder
1 1/3 cups flour
1 t. salt
1 t. vanilla
1 cup semi sweet choc. chips.
","Preheat oven to 350 degrees. Spray a 9x13 pan with cooking spray. Dump all ingredients except for choc. chips into a large mixing bowl. MIx until ingredients are moistened. Spread into pan. Sprinkle choc. chips evenlly over the batter. Bake for 35 minutes. Cool and cut into squares. 
Makes 2 dozen or more depending on how big you cut them.
","Aunt Fran","0","35","0","0","0",
"340",,"Autumn Pork Chops","Pork
","6 pork chops, about 1/2 in. thick
1 med. acorn squash, unpeeled
1/2 t. salt
2 T. butter, melted
3/4 c. brown sugar
3/4 t. kitchen bouquet browning and seasoning sauce (optional)
1/8 t. freshly grated nutmeg
2 T. orange juice
1 t. grated orange peel
","Place 3 pork chops on bottom of a crock pot. Cut squash into 6 crosswise slices. Place squash slices on top of pork chops and place remaining 3 pork chops on top of squash. 
Combine salt, margarine, brown sugar, browning sauce, nutmeg, orange juice, and orange peel. Spoon sauce mixture over chops. 
Cover and cook on low 5 to 5.5 hours.
","Maria Thomas","0","0","6","0","0",
"341",,"Amy's Sloppy Joes","Hamburger
","3/4 c. chili sauce (Heinz)
1/4 c. water
2 T. vinegar
3 T. brown sugar
1 t. dry mustard
1 t. worchester sauce
1 lb. ground meat
1 onion
","Mix and cook first 6 ingredients for 10 minutes.
Add to cooked meat and onion.
Serve on buns with sliced carrots.
","Amy Myers","0","0","0","0","0",
"342",,"Sloppy Janes","Appetizers,Entertaining
","3/4 c. chili sauce (Heinz)
1/4 c. water
2 T. vinegar
3 T. brown sugar
1 t. dry mustard
1 t. worchester sauce
1 onion - cut into thin rings
","Mix and cook first 6 ingredients for 10 minutes. Add to cooked onion rings. Serve on bread squares or rounds as an appetizer.
","Amy Myers","0","10","0","0","0",
"343",,"Beef Marinade","Beef
","1 c. salad oil
4 t. worchestershire sauce
1/2 c. chopped onion
1 clove garlic
1 c. cooking sherry
1/2 c. lemon juice
2 T. soy sauce
2 t. oregano
1/2 t. basil
","Add all ingredients and shake well. Completely cover meat and refridgerate covered at least 3 hours. Turn meat once.
","Barb Myers","0","0","0","0","0",
"344",,"German Oven Pancake","Breakfast
","3 T. butter
4 large eggs
1 c. milk
1 c. flour
1 T. sugar
","Preheat oven to 425 degrees. Melt butter in a 12 inch skillet over medium heat. IN blender mix eggs, milk, flour, and sugar until well mixed. Pour into skillet, place skillet in oven and bake 20 minutes until puffed up. Serve with a few drops of lemon juice and sprinkle with 6X sugar. Also can be filled with any fruit filling and sour cream.
","Unknown","0","0","0","0","0",
"345",,"Roquefort Dressing","Salads
","1 cup Hellman's mayonnaise
½ cup sour cream
1 teas. garlic salt
1/8 teas. black ground pepper
2 drops Tabasco
Juice of 1 lemon
2 Tab. grated onion
Splash brandy if desired
1-2 cups blue cheese
","Mix above together and add 1-2 cups crumbled blue cheese
(less than ½ #)
Fold together and chill. Best made in advance
","Grammie","10","0","8","1","0",
"346",,"Easy Ramen Noodle Salad","Salads
","3 packages of dry RAMEN NOODLES, chicken flavored
1 bag of broccoli salad mix (bought in a bag, washed & ready to eat)
Fresh Broccoli, cut into bite-sized pieces
1 cup of peanuts (can substitute other nuts)
1 cup oil
½ cup sugar
¼ cup vinegar
","Leave the Ramen Noodles in the packages and 
place all three bags into a plastic bag. Using a hammer, crush
the noodles until they are separated and in very small pieces.

Combine all the above ingredients together and set aside.
Variation: Use chopped carrots and green peppers  or, be creative.
DRESSING:
In a microwave dish, combine and bring the following ingredients
to a rapid boil. (this is done to dissolve the sugar)
1 cup oil, ½ cup sugar, ¼ cup vinegar
After the dressing has cooled slightly, pour over the broccoli, etc. above.
Store the salad covered in the refrigerator over night. It helps to stir the salad a few times to be sure all the ingredients are moistened.
NOTE: This is a very easy salad to make and it is great to take on a picnic on a HOT summer day (due to the type of ingredients)
","Aunt Eleanor","0","0","0","1","0",
"347",,"Dijon Asperagus Salad","Pasta,Salads
","2 oz. ziti
1/2 lb. asparagus, cut diagonally
10 cherry or grape tomatoes
2 T chopped red or white onion
1/3 c. poppy seed dressing (Marzetti's is best)
2 T dijon mustard (or a little less)
1/4 t salt/pepper
pine nuts
","Cut asparagus. Boil pasta 5 minutes. Add asparagus and boil 4 minutes longer. Drain, rinse in cold water. Refidgerate 2 hours or longer. Add tomatoes and pine nuts at serving time.
We have this recipe every Easter!
","Rachel Mertz","0","9","4","0","0",
"348",,"Homemade Dinner Rolls","Breads
","3 1/2 c. warm water
3/4 c. sugar
6 T. yeast
1 T. salt
1 c. oil
3 eggs, beaten
10 c. flour
","Mix yeast, water, and sugar. let rise 15 minutes. Add salt, oil, eggs, and 1/2 of the flour.
Mix, then add remaining flour. Knead and cut out for rolls. Let rise 10 minutes. Bake for 10 minutes at 425 degrees.
May wish to cut recipe in half.
","Helen Tannehill","0","0","0","0","0",
"349",,"Plattar (Swedish Pancakes)","Breakfast
","2 eggs
1 1/4 teaspoon salt
1 tablespoon sugar
4 cups milk
1 1/2 cups sifted flour
","Beat eggs, salt, and sugar. Add milk and flour alternatively to mixture. Let stand for 2 hours. Beat again. 
Fry on top to stove in a lightly buttered Plattar Pan. If no Plattar Pan, make small 2 inch circles in fry pan.
Serve with lingonberry sauce and powdered sugar, or maple syrup.
","Ingrid Highberg","0","0","0","0","0",
"350",,"Swedish Rice Pudding","Vegetables,Desserts
","2 eggs beaten slightly
1 T. vanilla
1/3 c. sugar
2 1/2 cups boiled rice
1/4 t. salt
2 c. milk
1 cinnamon stick
powdered cinnamon and butter for top
raisins and almonds optional
","1. Mix all ingredients.
2. Pour into buttered dish (approx. 8x8)
3. Put cinnamon stick into mixture.
4. Add powdered cinnamon and butter pats to top.
5. Place dish in a larger pan with 1 1/2 inch boiling water in bottom.
6. Cook 350 degrees for 1 hour.
Serve warm as a vegetable with Swedish meatballs, Korv, sill, and Lingonberry sauce OR serve cold as a dessert with whipped or heavy cream.
Whoever gets the serving with the cinnamon stick will have good luch throughout the new year!
","Ingrid Highberg","0","0","0","0","0",
"351",,"Peach Cobbler","Desserts
","1/2 c. butter
1.2 cup sugar
1 c. flour
2 t. baking powder
1/2 c. milk
4 cups canned or fresh peaches
","Cream butter and sugar. Add flour and baking powder to sugar mixture. Add milk. Mix well. Pour batter into a greased 8 x 12 dish. Place fruit on top of batter. Sprinkle with sugar. Pour juice over batter. Bake at 375 for 45 minutes. Batter will form a crust over the batter. Serve iwth milk or ice cream.
","Aunt Lola","0","45","0","0","0",
"352",,"Chocolate Mousse","Desserts
","6 oz. semi sweet chocolate
2 T kahula
1 T orange juice
2 eggs
2 egg yolks
1 t vanilla extract
1/4 c. sugar
1 c heavy cream
","Melt the chocolate in the Kahlua and orange juice over very low heat. Set aside. Put the egg yolks and eggs in the top of a blender with vanilla and sugar. Blend for 2 minutes at medium to high speed. Add the heavy cream and blend for another 30 seconds. Add the melted choc. mix and blend until smooth. Pour into a bowl or small individual cups. Refridgerate.
","Unknown.","0","0","3","0","0",
"353",,"Balsamic Chicken Marinade","Poultry
","Chicken breasts - up to 5 lbs.
1 cup olive oil
1/2 cup balsamic vinegar
3 T. brown sugar
2 medium scallions
1 T. worchester sauce
1 t. dry mustard
1 t. salt, pepper, garlic powder
","Mix. Marinate overnight. Grill Chicken.
Half this recipe for 4-5 breasts.
","Cheryl Carter","10","0","0","0","0",
"354",,"The Original Chex Party Mix","Appetizers,Entertaining
","2 T. worchestershire sauce 
6 T. butter
1 1/2 t. seasoned salt
3/4 t. garlic powder
1/2 t. onion powder
3 cups Corn Chex cereal
3 cups Rice Chex Cereal
3 cups Wheat Chex Cereal
1 cup mixed nuts
1 cup pretzels
","Heat oven to 250 degrees. Melt butter in large pan. Stir in seasonings.
Gradually stir in remaining ingredients until evenly coated. Then put in 2 jelly roll type pans. Bake 1 hour stirring every 15 minutes.
Spread on paper towels to cool. Stire in airtight container.
Makes 12 cups.
","Grammie","0","0","12","2","0",
"355",,"Cheese Cake","Desserts,Cakes
","1 pkg Duncan Hines Yellow Cake Mix
2 pfg. (8 oz. each) cream cheese, softened
2 T. vegetable oil
1/2 cup sugar
3 T. lemon juice
4 eggs
1 1/2 cup milk
3 t. vanilla
Pineapple Topping:
1 can creushed pineapple (20 oz. per half cake)
3/4 cups sugar
2 rounded T cornstarch
","Preheat oven to 300 degrees. Reserve one cup dry cake mix. 
In large mixing bowl combine remaining cake mix, 1 egg, and oil. (Mixture will be crumbly) Press crust mixture evenly into bottom and 3/4 way up side of greased 9x13 cake pan. 
In same bowl blend cream cheese and sugar. Add 3 eggs and reserved cake mix - beat 1 minute at medium, speed. 
At low speed slowly add milk and flavoring. Mix until smooth. Pour into crust. Bake at 300 degrees 45-55 minutes until center is firm. When cool top with filling. Chill several hours before serving.
Top with canned chery pie filling or half cherry and hlaf pineapple.
Pineapple Topping:
Bring pineapple, sugar, and cornstarch to boil for a few seconds. Let cool, put on helf of cake.
","Unknown","0","55","0","0","0",
"356",,"Broccoli-Rice-Cheese Casserole","Vegetarian,Vegetables,Casseroles
","1 stick margarine
2 T minced onion
1 box frozen broccoli - broken
1 1/2 cups minute rice
1 can cream of celery soup
1 8 oz. cheese wiz
","Boil 1 1/2 cups water, add margarine, onion, and broccoli - boil 5 minutes. Add minute rice, remove from heat, let set 5 minutes. Add cream of celery soup and cheese wiz. Mix well.
Bake at 350 for 40 minutes or until golden brown. Fits 8x8 square baking dish.
","Karen Wolfe","0","40","0","0","0",
"357",,"Chicken Parmesan","Poultry Italian Pasta","Boneless chicken breasts
Spaghetti sauce
shredded mozzarella cheese
grated parmesan cheese
dry bread crumbs
egg or olive oil
angel hair pasta","Mix an equal amount of parmesan cheese and bread crumbs in a cereal bowl. In a second cereal bowl beat one egg or use 1/2 cup olive oil. Dip each chicken breast into egg or olive oil and then into cheese and bread mixture. Brown the chicken in a frying pan. Spread a thin layer of sauce in the bottom of a 9 x 13 dish. Put the chicken in the dish and top each piece with 1-2 spoonfuls of sauce and as much mozerella cheese as desired. Bake for 30-60 minutes at 350 degrees. Cook time depends on thickness of chicken)
Serve over a bed of angel hair pasta.","Annie","15","30","0","2","2",
"358",,"Sugar Snap Peas with Bell Peppers","Vegetables
","1/2 cup water
1 large red bell pepper, cut into thin strips
1 pound fresh sugar snap peas
1 garlic clove, minced
2 Tablespoons butter
2 Tablespoons fresh lemon juice
1/2 teaspoon salt
","Bring 1/2 cup water to boil in large skillet. Add red bell pepper strips, sugar snap peas, and minced garlic to skillet. Cook, covered, over medium heat 5 to 7 minutes until crisp-tender. Toss with 2 tablespoons butter, lemon juice, and salt.
",,"10","10","6","0","0",
"359",,"Broccoli Casserole","Vegetarian,Vegetables,Casseroles
","2 boxes frozen chopped broccoli
8 oz. shredded velvetta cheese
1/2 - 3/4 cups margarine
1 sleeve of ritz crackers
","Use 1 1/2 quart baking dish. Thaw broccoli, sprinkle with salt, and cook in microwave until nearly done. Remove and dot with margarine (about 1/8 cup). 
Sprinkle with shredded Velveeta cheese. Place in 350 degree oven for 15 minutes. Melt remaining margarine in microwave oven. Crush 1 sleeve of Ritz crackers and toss in melted margarine. Remove casserole from oven and sprinkle crumbs evenly over the top. Place back in oven for approximately 15 minutes or until casserole begins to bubble.
Men Love This!
","Darla Main","0","0","0","0","0",
"360",,"Annie'",,,,,"0","0","0","0","0",
"361",,"Berry Party Punch","Beverages,Entertaining
","1 can frozen concentrated grape juice (12 ounces)
1/2 can frozen concentrated fruit punch (6 ounces)
4 liters lemon-lime soda
1 lemon
4 cups raspberry sorbet
","Cut lemon into tiny wedges and place into ice cube tray. Cover with water and freeze.
Thaw concentrated juices and mix together.
Pour juice mix and soda into punch bowl. Scoop a few generous scoops of sorbet on top. Add tray of lemon ice cubes for decoration.
Makes one large punch bowl full - approximately 60 6 oz. glasses.
This is Annie's absolute favorite punch!!!!
","allrecipes.com","8","0","30","1","3",
"362",,"Pizza Sauce","Italian,Sauces
","1/4 cup olive oil 
1 cup minced onion 
1/4 teaspoon onion powder 
2 cloves garlic, minced 
2 tablespoons dried oregano 
2 (6 ounce) cans tomato paste 
2 (15 ounce) cans tomato sauce 
","Heat oil in a medium saucepan over medium heat. Saute onion, onion powder, garlic and oregano until clear. Stir in tomato paste and tomato sauce; reduce heat to low and simmer for 15 minutes. Let cool and spread over prepared pizza crust. 
","allrecipes.com","0","15","0","0","0",
"363",,"Celestial Chicken Salad","Poultry,Salads
","4 cups diced chicken
2 cups diced celery
4 1/2 oz. can sliced mushrooms (drained)
1/2 cup toasted pecans (halves)
4 slices crisp bacon (crumbled)
1 cup mayonaise
1 cup sour cream
1 1/2 tsp. salt
2 Tbsp lemon juice
","Bake bacon in 350 degree oven for 10 minutes - watch carefully.
MIx all ingredients together.
Chill and serve in lettuce cups or on a plate with a slice of pineapple or cantaloupe and green grapes. Tasty ans pretty accompaniment.
","Lois Kienholz","0","0","0","0","0",
"364",,"Coconut Macaroons","Desserts,Cookies
","2 egg whites
1/2 t. vanilla
2/3 c. sugar
1 1/3 cup flaked coconut
","Lightly grease a cookie sheet; set aside. In a medium mixing bowl beat egg whites and vanilla with an electic mixer on high speed until soft peaks form. Gradually add sugar, about one tablespoon at a time, beating until stiff peaks form (tips stand straight). Fold in coconut. Drop mixture by rounded teaspoonfuls 2 inches apart onto the prepared cookie sheet. Bake in 325 degree oven about 20 minutes or until edges are lightly browned. Trafer to a wire rack and let cool.
","Emil Arnold","0","20","0","0","0",
"365",,"Bourbon Hot Dogs","Appetizers
","1 pound hot dogs
1/2 cup catsup
3/4 cup bourbon
1/4 cup brown sugar
1 Tab. grated onion
","Cut 1 # hot dogs into 1 inch pieces
 Mix together:
1/2 cup catsup
3/4 cup bourbon
1/4 cup brown sugar
1 Tab. grated onion
Add hot dogs and simmer 1 hour
Put in dish that has candle or sterno under it
to keep it hot.
","Grammie","0","0","0","0","0",
"366",,"Cheese-Olive Dip","Appetizers
","1-1/2 c. pimento stuffed olives, finely chopped
1 c. (4 oz) mozarella cheese, shredded
1 c. (4 oz) cheddar cheese, shredded
1 c. mayonnaise
3/4 c. pitted ripe olives, finely chopped
2 small green onions, finely chopped
","Combine all ingred. in a medium bowl; Stir well.
Spoon into ungreased shallow 1-quart baking
dish. Bake uncovered at 350° for 25 minutes
or until heated through. Serve with corn chips or 
crackers. 3-1/2 cups.
","Grammie","0","25","0","0","0",
"367",,"Cold Crab Dip","Appetizers
","1#crab meat (Phillips at PC is best)
1-1/4 c. mayonnaise (Hellmans)
1 c. grated cheddar cheese
1 t. horseradish
4 Tab. french dressing
","Combine all and refrigerate
Serve with crackers
","Grammie","0","0","0","0","0",
"368",,"Eggplant Appetizer","Appetizers
","Egglant
flour
milk
saltines
canola oil
Lawreys seasoned salt
Coctail sauce:
Catsup
Chili Sauce
Horseradish
S & P
","Peel and cut eggplant into fingers
Dip in 1. flour
 2. milk
3. crushed saltines
Heat canola oil to 350 degrees
Fry until browned
Place on paper bag to absorb oil
Sprinkle with Lawreys seasoned salt
Serve with coctail sauce
 Catsup
 Chili Sauce
 Horseradish
 S & P
 Lemon juice
","Grammie","0","0","0","0","0",
"369",,"Hidden Valley Ranch Party Pin Wheels","Appetizers
","2 (8oz) pkg. cream cheese, softened
1 pkg. Hidden Valley Ranch dressing (milk recipe)
2 green onions, minced
4 (12-in.) flour tortillas
1/2 cup diced red pepper
1/2 cup diced celery
1 can sliced black olives, drained
","Mix first 3 ingredients. Spread on tortillas. Sprinkle on remaining
ingredients. Then roll & wrap tightly. Chill 2 hrs. Cut off roll ends.
Cut rolls into 1-in. slices. Makes 3 dozen.
","Grammie","0","0","0","0","0",
"370",,"Knock-your-Socks-off Hot Crab Dip","Seafood,Appetizers
","1/3 c. dry white wine
4 oz. cream cheese-room temp.
1-16oz. can water packed artichokes
 drained and finely chopped
1 c. mayonnaise
1 egg
1 pound fresh crabmeat drained and
 picked over well. Use Phillips from PC
 no need to pick over.
2 oz. blue cheese, crumbled fine
slices black olives for garnish
","Preheat oven to 350°. In a sauce pan over low
heat, combine wine and cr. cheese and simmer
until cheese is creamy. Remove from heat and
blend thoroughly with wire wisk.
Stir in rest of ingred. Pour into 8x8 inch baking(Pam it)
dish and bake for 30 minutes Garnish with olives
if desired. Serve with crackers
","Grammie","0","30","0","0","0",
"371",,"Onion Pepper Relish Spread","Appetizers
","1/2 jar Harry and Davids onion/pepper relish
8 ounces cream cheese
crackers
","Mix 1/2 jar Harry and Davids onion/pepper relish with
8 ounces cream cheese
Spread on crackers
","Grammie","0","0","0","0","0",
"372",,"PasteDi Olive","Appetizers
","6 oz can pitted black olives 
8 oz Kalamata olives, pitted 
3 cloves garlic 
1/4 c olive oil 
fresh ground pepper to taste 
1 t. dried oregano 
Extra virgin olive as needed
","Combine pitted olives in a food processor & finely chop into a coarse paste-like consistancy. Set aside. In a saute pan, lightly brown garlic over med-low heat. Discard garlic. Let oil cool. By hand, mix ingred. together. Store in refrig. Let age one week. Will keep up to 3 weeks. Top with more oil if needed,
Spread on baguette slices and serve.
Makes 1-1/2 cups 
","Grammie","0","0","0","0","0",
"373",,"Saga Blue Appetizer","Appetizers
","1/4 # saga blue cheese
1-8 oz. cream cheese
1/4 c. chopped pecans
few cut up chives
Serve as a spread for crackers
","Oyster crackers-I make them ahead and keep them in the refrigerator at all times
16 oz. oyster crackers
Mix together, 1 package Hidden Valley (Milk) Dry Ranch Dressing
3/4 c. oil
1/2 teas. garlic salt
1 teas. lemon pepper
1 t. dill weed
Place crackers in Zip loc Baggie. Add liquid mixture. Mix around. 
Keep in refrig. and every time you open refrig, mix them up.
Next day, place them in a jar and keep refrigerated. Will keep for months.
","Grammie","0","0","0","0","0",
"374",,"Meatball Sauce","Appetizers
","1 cup catsup
1/3 cup fresh lemon juice
1/3 cup grape jelly
","1 cup catsup
1/3 cup fresh lemon juice
1/3 cup grape jelly
Simmer
Add to meatballs which have been heated and keep warm
","Grammie","0","0","0","0","0",
"375",,"Savory Southern Pecans","Appetizers
","¼ cup unsalted butter
1 ½ teas. ground cumin
¼ teas. ground red pepper
3 cups pecan halves
2 Tab. sugar
1 teas. salt
","Melt butter in large saucepan; add cumin and red
pepper, and cook 1 minute.
Remove from heat; add pecans, sugar and salt,
stirring to coat. Spread pecans in single layer in a 
15x10x1 inch jellyroll pan.
Bake at 300 degrees for 20 minutes, stirring
occasionally. Serve warm or at room temperature.
Store in airtight container for up to 5 days.
Yield-3 cups.
I used less of the red pepper and cumin.
","Grammie","0","0","0","0","0",
"376",,"Spanakopitas","Appetizers
","1/3 package phyllo dough, found in freezer section of store
1/ 2-3/4 # butter, melted 
Nutmeg (optional)
Filling:
Stouffers spinach soufflé  thawed completely -- this is the best filling
 OR
2 Tab. olive oil
1 small onion, diced
1  10 oz. package frozen chopped spinach, thawed and squeezed dry
1 egg, beaten
1/3 cup grated parmesan cheese
1/8 t. pepper
","About 1/3 package phyllo dough, found in freezer section of store  I have used rest for apple struddle or whatever!
Put phyllo dough in refrigerator the night before to defrost completely.
When using dough, place dampened dish towel over unused dough so it will not dry out.
Filling: Stouffers spinach soufflé  thawed completely -- this is the best filling
 OR
2 Tab. olive oil
1 small onion, diced
1  10 oz. package frozen chopped spinach, thawed and squeezed dry
1 egg, beaten
1/3 cup grated parmesan cheese
1/8 t. pepper
In 2 quart saucepan over medium heat, in med-hot oil, cook onion until tender stirring occasionally. Remove from heat; stir in spinach, egg, cheese and pepper
 1/ 2-3/4 # butter, melted 
With sharp knife, cut phyllo lengthwise into 2 inch wide strips. Place strips on wax paper then cover with slightly damp towel. I usually cut 3 layers at a time, about 6 strips per width.
Brush top of one strip of phyllo with melted butter. Place 1 teaspoonful spinach mixture at short end of strip. Can sprinkle with nutmeg, if desired.
Fold one corner of strip diagonally over filling so the short edge meets the long edge forming a triangle. Continue folding over, forming triangles until you reach the end ;of the strip to form a triangular shaped package. Repeat with remaining strips and filling.
Place on jelly roll pan, seamside down. Brush tops with butter.
Can be placed on cookie sheet and frozen, then place in plastic bags until ready to use or
Bake at 425 degrees about 15 minutes or until golden
Leftover dough should not be refrozen as it dries out and is difficult to use.
","Grammie","0","0","0","0","0",
"377",,"Buttermilk Pancakes","Breakfast
","1 cup flour
1 ½ t. baking powder
¼ t. baking soda
1/8 t. salt
1 Tab. sugar
1 cup buttermilk
¼ cup sour cream
2 Tab. unsalted butter.
melted and cooled slightly
1 egg
½ cup fresh or semi-defrosted
blueberries or chopped
strawberries
About 2 Tab. butter for frying
","In med. bowl, whisk together dry ingredients.
In large bowl, whisk together rest of engred.
With wooden spoon, mix the two, stirring
Just until combined.
Gently fold in berries.
Heat griddle. Add 1 Tab. butter and heat until
melted. Ladle about ¼ cup batter and cook.
Makes about 16 pancakes.
","Grammie","0","0","0","0","0",
"378",,"Chile Relleno Torta","Breakfast
","1/2 # cheddar cheese, grated
1/2 # Monterey Jack, grated
5 eggs
1/3 c. flour
1 2/3 c. half and half
1-4 oz. can chiles, drained
1/4 c. picante sauce
","Preheat oven to 375°. Mix grated cheeses and spread evenly in buttered 10 pie plate. Beat eggs, add flour slowly, and then beat in half and half. If mixture is lumpy, strain it. Pour egg mixture over cheeses in pie plate. Carefully spoon chilies over the surface, then spoon picante sauce over all. Bake about 45 minutes or until center is set.
","Grammie","0","0","0","0","0",
"379",,"Creamy Ham and Chicken Medley","Poultry,Pork,Breakfast
","1 Tab. butter
1/2 cup sliced fresh mushrooms
1/3 cup butter
1/3 cup flour
2-1/2 to 3 cups milk, divided
1 cup whipping cream
1 cup freshly grated Parmesan cheese
1/2 teas. salt
1/4 teas. freshly grated pepper
1/4 teas. nutmeg
Dash red pepper
2 cups chopped cooked chicken
2 cups chopped cooked ham
1/2 cup peas (optional)
2 (10 oz) packages puff pastry shells, baked
Paprika
","Melt 1 Tbutter in a large saucepan over med. heat; add mushrooms, and cook until tender, stirring constantly. Remove from saucepan; set aside.
Melt 1/3 c. butter in saucepan over low heat; add flour, stirring until smooth. Cook 1 minute stirring constantly. Gradually add 2-1/2 cups milk; cook over medium heat,; stirring const. until thickened & bubbly. Stir in whipping cream and the next 5 ingred. Cook stirring const., until cheese melts and muxture is smooth; stir in chicken and ham. Add enough of remaining 1/2 cup milk for a thinner consistancy, if desired. To serve, spoon into baked shells and top with paprika. Yield -12 servings. Sprinkle with freshly grated parmesan cheese if desired. Can be made a day ahead and heated in microwave.
","Grammie","0","0","0","0","0",
"380",,"Crustess Jarlsberg Quiche","Breakfast
","1 stick unsalted butter
1/2 c. flour
1 1/2 c. milk
1 t. baking powder
1 t. salt
2 1/2 c. small curd cottage cheese
1 t. Dijon style mustard
9 eggs
11 oz cream cheese, softened
3/4 # Jarlsberg cheese, grated
1/3 c. freshly grated parmesan cheese
","Preheat oven to 350° (high altitude 375°). In a saucepan, melt the butter over me.-low heat, add the flour and stir just until mixture bubbles. Slowly add milk, stirring constantly. Stir this cream sauce until it thickens. Set aside to cool. Stir b.p., mustard, and salt into cottage cheese. Beat eggs well, then beat insoft cr. cheese and cottage cheese mixture. Slowly beat in cream sauce, then thoroughly incorporate Jarls. and Parmesan cheeses. Pour into 2 buttered pie plates. Bake about 45 min. or until puffed and browned. Cut each quiche into 8 large wedges. 16 servings
","Grammie","0","0","0","0","0",
"381",,"Hash Brown Bake","Breakfast
","3 cups frozen shredded potatoes
1/4 cup butter, melted
1 cup finely chopped ham
1 cup (4 oz) shredded cheddar cheese
1/4 cup finely chopped green and red pepper
1/4 cup sliced green onion
2 large eggs beaten
1/2 cup milk
1/2 to 1 t. salt
1/4 t. pepper
","Thaw potatoes between layers of paper towels to remove excess moisture.
Press potatoes into bottom and up sides of an ungreased 9 pie pan
Drizzle with butter.
Bake at 425° for 25 minutes or until lightly browned.
Cool on a wire rack for 10 minutes.
Combine ham, cheese, peppers and green onion. Spoon into shell
Combine eggs and next three ingredients stirring well.
Pour egg mixture over ham mixture.
Bake at 350°for 25-30 minutes or until set.
Let stand 10 minutes before serving.
Yield 6-8 servings.
Note: May be assembled, omitting egg mix, and refrigerated 8 hours or overnight.
Let stand at room temp for 30 minutes.
Combine eggs, milk, S & P.
Pour over ham mixture
Bake at 350°for 25 to 30 min or until set.
Let stand 10 min before serving.
","Grammie","0","0","0","0","0",
"382",,"Kamp Kofee Kake","Desserts,Cakes,Breakfast,Breads
","2 cups sugar
3 1/3 cups flour
1 ½ T. baking powder
1 T. Salt
3 eggs
6 oz. evaporated milk
Topping
½ pound brown sugar
1 T. cinnamon
¼ cup flour
4 T. soft butter
1 1/8 c. water
1 ½ sticks butter
","Mix dry ingredients and set aside. Mix liquids then add to dry ingredients.
Sprinkle topping over batter before baking
Bake at 350 degrees 30-35 minutes. Makes one 9x13 pan.
Serves 25
","Sara Carter","0","35","25","0","0",
"383",,"Pearl's Pecan Puffs","Breakfast
","Base
1/2 c. butter
1 c. flour
2 Tab. cold water
chopped pecans
Filling
1 c. water
1/2 c. butter
1 c. flour
3 eggs
1 teas.vanilla or almond
Frosting
2 c. conf. sugar
1 Tab. soft butter
1/4 t. almond flavoring.
chopped pecans
","Base
1/2 c. butter
1 c. flour
2 Tab. cold water
Mix above like pie crust and spread 2-3 inch strips on 
cookie sheet--I use rolling pin to get them thin.
Press in some chopped pecans
Filling
Boil 1 c. water and 1/2 c. butter. Add 1 c. flour and
stir quickly until mixture forms a ball. Remove from heat.
Add 3 eggs, one at a time and stir well. 
Add 1 teas.vanilla or almond
Spread this filling on rectangles sealing to edges.
Bake at 350° for about one hour. Cool
Frosting
2 c. conf. sugar, 1 Tab. soft butter, 1/4 t. almond flavoring.
Moisten with milk and spread on puffs. 
Decorate with chopped pecans
","Grammie","0","0","0","1","0",
"384",,"Cheesy Spaghetti","Hamburger,Italian,Pasta
","3 pounds lean ground beef
2 teas. salt
3 cloves garlic, crushed
2 teas. oregano
2 teas. dried basil
Four 10 ½ oz. cans tomato soup
15 oz. can tomato sauce
1 pound mozzarella cheese, shredded
Two one pound packages spaghetti
","In large saucepan, sauté meat, breaking it up with a fork, until it loses its pink color. Pour off fat.
Stir in salt, garlic, oregano, basil, tomato soup and tomato paste.
Cook, stirring occasionally, 15 minutes or until heated through and mixed well
May be refrigerated for two days.
May be frozen.
Cook spaghetti according to package directions. 
While spaghetti cooks, reheat sauce.
Stir in cheese and cook over low heat, stirring constantly, until melted.
Toss spaghetti with sauce.
Serves 12 - 14
","Grammie","0","0","0","0","0",
"385",,"Mixed-up Salad","Salads
","2 bunches romaine lettuce
1 head iceberg lettuce
½ cup lemon juice
½ cup catsup
½ cup chopped onion
1 teas. salt
3 Tab. honey
1 cup salad oil
1 large cucumber, peeled and coarsely chopped
1 pint cherry tomatoes, cut in half
2 small avocados, peeled and diced
¾ cup coarsely chopped black olives
2 cups croutons
","Tear lettuce into bite size pieces. Wash, dry, and store in plastic bags until ready to use.
Make dressing by combining lemon juice, catsup, onion, salt, honey and oil in food processor with metal blade or in blender.
Dressing may be refrigerated for several weeks.
Before serving, place lettuce in large salad bowl. Add remaining ingredients and toss with dressing. Serves 12  14.
","Grammie","0","0","12","0","0",
"386",,"CrockPot Spaghetti","Hamburger,Italian,Pasta
","1# ground beef
1/4 t. dry mustard 
1 T. instant onion
1/3 t. mace, allspice & pepper
1-1/2 t. salt
1/2 t. garlic powder
8 oz can tomato sauce
4 oz. can mushroom
4 oz. dry spaghetti (1-1/2 c.) broken into 4-5pieces
","Brown beef well in skillet and drain
Put in crock pot
add rest of ingred. except spaghetti
Stir well. Cover and cook 6-8 hrs on low or 3-1/2 hrs on HI
Turn to high last hour and stir in spag. Eat
","Grammie","0","0","0","0","0",
"387",,"Lasagna","Hamburger,Italian,Pasta
","1 1/2# ground beef
2 large onions chopped 
1 clove garlic
olive oil
2-3 t. salt
3 c. tomato juice
1 6 oz. can tomato paste, 2 cans water
1 t. sugar
1 t. oregano
1 t. basil
1 pkg. lasagna noodles 
24 oz. mozarella
1 # ricotta
Parmesan
1 egg
","Cook ground beef, onion, garlic, and oil until browned. Add salt, tomato juice, tomato paste, water, sugar, oregano, and basil. Cook lasgna noodles as directed. Blend cheeses together.
Layer: 1. meat sauce 2. lasagna 3. ricotta mix
1. moz cheese repeat 1 or 2 times. End with meat sauce.
Top with more parmesan Bake 350 deg. 40 min. 13x9x2 pan
","Grammie","0","40","0","0","0",
"388",,"Sausage Lasagna ","Pork
","Sauce
1 # mild sausage
1 clove of garlic minced 
1 T. parsley flakes
1 T. basil
1 1/2 t. salt
1 1#can tomatoes (2c.) cut up
2 6oz tomato paste
10 oz. pkg. lasagna
3 c. cream style cottage cheese
2 beaten eggs
2 t. salt 1/2 t. pepper
2 t. parsley flakes 
1/2 c. grated parmesan cheese
1 # mozarella
","Brown meat slowly in oil and spoon off fat. Add garlic, parsley, basil, salt, tomatos, and tomato paste.
Cook lasagna noodes as directed.
Mix together cottage cheese, eggs, pepper, salt, parsley, and parmesan.
Layer: 1. sauce, 2. noodles, 3. cheese 4. mozzerella in a 9x13 pan.
Repeat twice-end with meat sauce. Bake 350-30 min.
","Grammie","0","30","0","0","0",
"389",,"Linguini with Roasted Vegetables","Vegetarian,Italian,Pasta
","1½ # plum tomatoes, cut in ¾ inch chunks
2 large zucchini (about 1¼#) quartered lengthwise,
 cut crosswise into ¾ inch pieces.
1 yellow squash (about 6 oz.) quartered lengthwise,
 cut crosswise into ¾ inch pieces.
2 red bell peppers, cut into ½ inch pieces
1 medium red onion, cut into eighths.
3 Tab. olive oil
1½ Tab. minced garlic
1 tsp. salt
½ tsp. freshly ground pepper
1 lb. linguini or spaghetti
½ cup grated Parmesan cheese
1/3 cup chopped basil or parsley
Serve with: grated Parmesan cheese
","1. Adjust oven racks to divide oven in thirds. Heat to 450
degrees. Have ready 2 rimmed baking sheets. (Lightly spray with pam)
2. Bring a large pot of lightly salted water to boil.
3. Put first 9 ingredients into a large bowl. Toss to mix and coat.
Spread in baking sheets. Roast, switching position of pans once. Cook
20-25 minutes until vegetables are tender.
4. Meanwhile, stir pasta into the boiling water and cook as package directs
5. .Remove and reserve ½ cup of the pasta cooking water. Drain pasta.
Return to pot. Add vegetables, scraping baking pans with a rubber spatula to
include any juices, reserved cooking water, the cheese and basil or parsley.
Serve additional cheese at the table.
","Grammie","0","25","0","0","0",
"390",,"Linguini with Tomatoes and Basil","Vegetarian,Italian,Pasta
","3 large ripe good quality tomatoes (I use the ones with stems)
 cut into 1/2 inch cubes
3/4 pound Brie cheese, rind removed, torn into irregular pieces
3/4 cup cleaned fresh basil leaves, cut into strips
2 garlic cloves, peeled and finely minced
3/4 cup olive oil (good quality)
1/2 teas. salt
1/3 teas freshly ground pepper
1 pound Linguini
Freshly grated Parmesan Cheese
","Combine first seven ingredients in a large serving bowl. Cover with saran wrap. Prepare 2 - 5 hours before serving and set aside at room temperature.
 Bring 6 quarts water to a boil. Add 1 Tab. olive oil and 2 teas. salt. Add linguini and boil until tender but firm = 8 - 10 minutes
 Drain pasta and immediately toss with the tomato sauce. Serve at once with parmesan cheese.
Great with good loaf of fresh bread (Great Harvest) and baby greens salad.
","Grammie","0","0","0","0","0",
"391",,"Pasta Primavera","Vegetarian,Italian,Pasta
","1# fresh asparagus, cut diag. 1 1/2
2 c. fresh broccoli flowerets
1 med onion, chopped
1 large clove garlic, chopped
1 T. olive oil
l large carrot peeled & cut diag.
1 med. size red & yellow pepper,
coarsely chopped
1/2# sliced mushrooms
1 c. whipping cream
1/2 c. chicken broth
2 T. fresh basil or 2 t. dried basil
1/2 t. salt
3 green onions, chopped
8 oz uncooked linguini, broken in half
1 c. freshly grated parmesan cheese
1/4 t. freshly ground pepper
","Place asp. & broc. into vegetable steamer over
boiling water. Cover and steam 6-8 minutes till
crisp-tender. Set aside. Saute onion and garlic
in oil in a large skillet till tender. Add carrots,
peppers, mushrooms. Saute till crisp-tender. Remove
from heat, drain. Combine cream, broth, basil, gr onion & 
salt in medium skillet. Cook over med heat 5 min. 
stirring occasionally.
Cook linguini according to package directions. Drain
well. Place in large serving bowl. Add vegetables, 
whipping cream mixture--toss gently. Sprinkle with
parmesan cheese and pepper. Toss gently again.
Serve immediately. 8 servings. Good reheated in micro.
","Grammie","0","0","8","0","0",
"392",,"Rachel's Shrimp Pasta","Seafood,Pasta
","1/2C minced onion
2T butter
1 1/2T olive oil
1/2C dry white wine
2 cans of stewed tomatoes
2 cloves minced garlic
1t salt
1/4 t ground pepper
1 1/2t oregano
4-6 ounce crumbled feta cheese
1 lb raw shrimp- peeled and deveined
1/4C chopped fresh parsley
","Saute onion in oil and butter until soft. Add wine, tomatoes, garlic, salt 
and pepper, and oregano, Bring to a boil, lower heat and simmer until sauce 
thickens. Stir in feta cheese and let simmer 10-15 minutes. Adjust 
seasonings to taste. Add shrimp and cook for 5 minutes until just tender. 
Garnish with parsley and serve over pasta.
","Rachel Carter","0","0","0","1","0",
"393",,"Seafood Lasagna","Seafood,Pasta
","6 c. water 
1-1/2 to2 # med. shrimp 
12 lasagna noodles, uncooked 
1 c. chopped onion 
2 T. butter or margarine, melted 
1-8 oz. pkg. cream cheese softened 
1-1/2 c. small curd cottage cheese 
1 large egg, beaten 
2 t. dried basil, crushed
1/2 t. salt, 1/8 t. pepper
1/4 c. butter or margarine
1/4 c. flour
2 c. milk
2/3 c. Chablis or dry white wine
1 -6 oz. can crabmeat, drained-use Phillips
1/4 c. parmesan cheese
1/2 c. shredded Am. or cheddar cheese
Garnish: chopped fresh parsley
","Bring water to a boil; add shrimp and cook 3-5 minutes. Drain well; rinse with cold water. Chill. Peel and devein shrimp. (I eliminate this step and buy frozen, cooked shrimp.) Coarsly chop shrimp; set aside. Cook lasagna noodles according to package directions; drain well, add cold water and set aside.
Saute onion in 2 T butter in a large skillet over medium heat until tender. Add cream cheese, cook over low heat, stirring constantly until cheese melts. Stir in cottage cheese and next 4 ingredients; remove from heat, and set aside.
Melt 1/4 c. butter in heavy saucepan over low heat; add flour, stirring until smooth. 
Gradually add milk; cook over medium heat, stirring constantly, until mixture is thickened and bubbly. Remove from heat; stir in reserved shrimp, wine and crabmeat.
Layer half of reserved noodles in a greased 13x9x2 inch baking dish. Spread half of reserved cream cheese mixture over noodles. Spread half of shrimp mixture over cream cheese mixture. Repeat layers with remaining noodles, cream cheese mixture and shrimp mixture. Sprinkle with Parmesan cheese. Bake, uncovered at 350 degrees for 45 minutes. Sprinkle with cheese. Bake an additional 5 minutes, or until cheese melts. Let stand 10 minutes before serving. Garnish if desired. 8 servings.
","Grammie","0","45","8","0","0",
"394",,"Grammie's Stuffed Shells","Italian,Pasta
","2 beaten eggs
1# ricotta cheese
1# cottage cheese
1/2 cup parmesan cheese
1Tab. chopped parsley
salt and pepper to taste
1 box jumbo shells
Spaghetti Sauce
","Mix 2 beaten eggs, 1# ricotta cheese, 1# cottage cheese, 1/2 cup parmesan cheese, 1Tab. chopped parsley, salt and pepper to taste.
In 5 quarts of boiling water, boil 1 box jumbo shells 9-10 minutes. Stir occasionally. Drain in colander, then cover them in pan with cold water. Drain a few (6-8) at a time on a clean dish towel. Fill shells with stuffing using a spoon. I put them on large plates till finished, to make sure all the filling is used. If not, stuff some fuller!!!!!!!!!!!
Use kind of spaghetti sauce you like, and you be the judge on how much to use. They dont need to be swimming in it!!
Cover the bottom of 9x13 pan with spaghetti sauce. Arrange shells side by side. Pour remaining spaghetti sauce over shells. Sprinkle with parmesan. Cover with foil. Bake at 375° for 30 minutes.
Can be made in smaller casseroles to suit a family and some can be frozen till ready to use. Leftovers are great in the microwave.
","Grammie","0","40","0","0","0",
"395",,"Spaghetti Pie","Hamburger,Italian,Pasta
","6 oz. spaghetti
2 T butter
1/2 cup parmesan cheese
2 well-beaten eggs 
1 lb. ground beef
1/2 cup chopped onions
1 jar spaghetti sauce
1 cup cottage cheese
1 cup mozzarella cheese, shredded
","Makes 2 pies.
Cook spaghetti & drain. Stir in butter, parmesan cheese and eggs. Form
spaghetti mix into crust in two 9-in (or 8-in) pie pans. In skillet,
cook ground beef with onion. Drain off fat. Stir in spaghetti sauce and
heat. Spread cottage cheese over the bottom crust of spaghetti. Top with
meat sauce. Sprinkle with mozzarella cheese. Bake at 350 degrees for
30-45 minutes, or until heated through.
(This casserole freezes well. It will keep in the refrigerator for
several days before baking.)
","Grammie","0","45","0","0","0",
"396",,"Tomato and Garlic Sauce","Italian,Pasta,Sauces
","3 T. olive oil
1 cup finely chopped onions
1 T. finely chopped garlic
4 c. Italian plum or whole pack tomatoes, 
chopped but not drained
1-6oz. can tomato sauce
1 T. dried oregano, crumbled
1 T. finely cut fresh basil or 1 t. dried basil
1 bay leaf
2 t. sugar, 1 ½ t. salt, freshly ground black pepper
","Saute onions in oil and cook on low 7-8 minutes.
Add garlic and cook 1-2 more min. stirring constantly.
Add remaining ingredients. Bring to a boil.
Simmer about an hour. Sauce should be thick and smooth.
Remove bay leaf. May puree if desired.
","Grammie","0","0","0","0","0",
"397",,"Tomato Sausage Sauce with Shells","Pork,Italian,Pasta
","1 pound Italian pork sausage
3 T. butter
1 t. rosemary
1 28 oz can diced tomatoes
3 T. water
red pepper flakes
Salt to taste
3/4 c. heavy cream
Hot cooked pasta shells
1/2 c. grated Parmigiano-Reggiano cheese
","Boil sausage in water to cover 3-4 minutes, drain
Let cool and slice into thin rounds
Melt 3 T. butter in skillet and brown sausage
Add rosmary, tomatos, and water. Cook 7-10 minutes until water is evaporated and tomato forms a sauce. 
Add red peper flakes, salt, and cream and reduce by half, stirring often 
Remove from heat. Serve on Hot cooked pasta shells with 1/2 c. grated Parmigiano-Reggiano cheese
","Grammie","0","0","0","0","0",
"398",,"Chicken Parisiennee","Poultry
","10-12 chicken breast halfs
6-8 slices baby swiss cheese
1 can cream of mushroom soup
1 can cream of chicken soup
1 (4oz.) can mushrooms undrained
1 cup sour cream
½ cup sherry
paprika
","Spray 9 x 13 pan. Place chicken in pan.
Arrange cheese slices to cover
Blend rest of ingredients.
Spoon over cheese layer
Sprinkle with paprika
Bake at 350 degrees for 1 ½ hours or till tender
Serves 6-8 people
","Grammie","0","90","6","0","0",
"399",,"Devon Chicken","Poultry
","8 boned half-breasts of chicken
Mix together the following marinade:
1 pint sour cream
2 T. lemon juice
2 t. Worcestershire sauce
¼ t. crushed celery seed
1 t. paprika
1 clove of garlic, minced
½ t. salt
1/8 t. pepper
1 bag herbed stuffing, crumbled with rolling pin
½ c. melted butter
1 10 ½ oz. golden mushroom soup
Parsley
1-2 T. sherry
","The night before serving, mix together the marinade and add chicken. Marinate overnight.
Roll chicken in stuffing mix
Put in greased baking dish
Top with butter
Bake at 350 degrees for 1 hour
Combine soup, parsley and sherry to make sauce.
Heat and put in gravy boat and serve with chicken.
","Grammie","0","60","0","0","0",
"400",,"Chicken with Balsamic Vinegar Sauce","Poultry
","4 chicken breasts, halved
Salt and Pepper
1 Tab. + 2 teas. butter, 1 Tab. olive oil
2 large shallots, minced
6 Tab. balsamic vinegar
1 teas. dark brown sugar
1 c. unsalted chicken broth
1-1/2 Tab. fresh marjoram (or 1-1/2 teas. dried)
2-4 Tab. evaporated skim milk
","Pat chicken breasts dry and sprinkle with S & P
Melt 1 T butter and oil in large skillet over med-hi heat.
Saute breasts till just colored, about 2 min. on each side.
Remove chicken. Add remaining 2 t. butter. Lower
heat and add shallots. Saute, stirring till translucent.
Add vinegar, bro. sugar and ch. broth. Bring to a boil
and return the chicken and any accumulated juices to pan.
Cover and simmer 5 minutes or until ch. is springy to the touch.
Remove chicken and keep warm. Raise heat and boil rapidly
till reduced to 1/2 cup. Remove from heat and whisk in marjoram, 
S & P and evaporated milk. Slice on diagonal the reserved
chicken into 1/2 slices. Spoon sauce over.
","Grammie","0","0","0","0","0",
"401",,"Lois' Apricot Chicken","Poultry
","8-10 chicken breasts
1 8 oz. bottle Russian Dressing
1 envelope onion soup mix
1 10 or 12 oz jar apricot preserves
","In a small bowl, combine dressing, soup mix and preserves.
Place chicken in a 9 x 13 baking dish. Cover with glaze.
Cover with foil and bake at 350 degrees for an hour. 
Uncover and bake longer if more browning is desired.
I remove all skin from chicken. Other parts of chicken can be used.
If breasts are cut in half, then in half again, it would serve quite a few.
Also could cut them like Rachels recipe in fingers and not bake them as long.
","Grammie","0","60","0","1","0",
"402",,"Lemon Chicken with Artichoke Hearts and Mushrooms","Poultry
","4 boneless, skinless chicken breast halves
1/2 tsp. crushed black peppercorns
1/2 cup butter, divided
1 (14 oz) can artichoke hearts, rinsed, drained and halved
3-4 TBS spoons fresh lemon juice
1 TBS chopped, fresh parsley
4 TBS dry white wine
2 TBS chicken broth
1/2 pound fresh mushrooms, sliced
","Preheat oven to 300 degrees
Pound chicken to 1/4 inch thickness
Rub both sides of the chicken with crushed peppercorns and sprinkle with salt
Heat two TBS butter in heavy skillet over medium heat. Add chicken and saute 3-5 minutes each side. Transfer to baking pan and keep warm.
Add 2 TBS butter to same skillet. Stir in artichokes & mushrooms and saute 1 minute, Add lemon juice, wine, chicken broth and parsley. Saute 2-3 minutes.
You can either pour over chicken and heat thoroughly or return chicken to pan to heat thoroughly. Yields 4 servings
","Grammie","0","0","4","0","0",
"403",,"Lady's Island Chicken Breasts","Poultry
","1 cup dry breadcrumbs
1/2 teaspoon salt
1/2 teaspoon freshly ground black pepper
6 chicken breasts cut in strips
7 tablespoons butter, divided
1/4 cup minced shallots or green onions
1/2 cup chicken broth
1/2 cup dry white wine
1'2 pound fresh mushrooms, sliced
2 cups red seedless grapes, halved
","Preheat oven to 375
Combine breadcrumbs, salt, pepper blending well. Dredge chicken lightly in mixture
Melt 1/4 cup butter in large, heavy skillet over medium heat. Brown chicken on both sides.
Place chicken in single layer in shallow baking pan
Add shallots or green onions to skillet and saute 3 minutes. Stir in broth and wine and bring to boil. Pour over chicken and bake for 30 minutes.
Melt remaining 3 tablespoons of butter in same skillet. Saute mushrooms and grapes 3-4 minutes. Add to chicken in baking pan and bake an additional 8-10 minutes.
Yields 6-8 servings.
","Grammie","0","0","6","0","0",
"404",,"Rachel's Apricot Chicken","Poultry
","2 12-oz jars apricot preserves
1 8-oz jar dijon mustard
3 pounds boneless, skinless chicken breasts
","Preheat oven to 350 degrees. In a bowl combine the preserves and mustard 
(use more or less mustard to suit taste) Cut the chicken breasts into 
strips about 2 inches wide and add to the apricot mixture. Generously coat 
the chicken. Pour it all into a baking dish and cook for about 45 minutes, 
serves 8-10.
","Rachel Carter","0","45","8","1","0",
"405",,"Thai Asparagus Chicken","Poultry,Chinese
","4 cups fresh asparagus, cut diagonally ½ inch pieces
2 cups chopped onions
Peanut oil
1 clove garlic
½ teas. salt.
½ cup chicken stock or broth
2 Tab. butter
2 cups raw chicken, cut in small chunks
2 cups fresh sliced mushrooms
4 Tab. soy sauce
Dash of pepper
","First pan: large: Generously cover bottom of pan with peanut oil; add 1/2 tsp salt; drop in garlic clove; remove when brown. Add asparagus and onion, stirring constantly on high heat for 4 minutes. Cook underdone. Add chicken stock; set aside.
Second pan: In 2 Tab. butter, brown the chicken 5 minutes; add 4 Tab. soy sauce (more if you like) and a little dash of pepper. Add sliced mushrooms and cook 2 minutes longer. Add chicken mixture to asparagus. Heat and serve. Do not overcook.
Serve with rice and salad. Rolls too?
","Grammie","0","0","6","0","0",
"406",,"Chicken Lo Mein","Poultry,Chinese
","2 t. instant chicken broth granules or cubes
2 cups boiling water
8 oz. boneless skinned chicken breast, cut in long thin slices
¼ cup dry white wine
¼ cup soy sauce
4 t. cornstarch
1 T. vegetable oil
3 cloves garlic, peeled and smashed
1 t. chopped fresh ginger
2 cups finely shredded cabbage
1 cup thinly sliced celery
1 cup frozen green peas, thawed and drained
1 carrot, shredded
8 oz. thin spaghetti, cooked and well drained
4 green onions
","1. Dissolve ch. Granules in hot water
2. Pour ½ cup broth mixture into large skillet. Let remaining broth cool.
Bring mixture in skillet to boiling and add chicken. Simmer for 5 minutes
or until no pink remains. Remove chicken to platter and pour off that juice.
3. Stir wine, soy and corn starch in small bowl. Add to cooled 1 ½ c. broth.
4. Heat oil in skillet. Add garlic and ginger; cool 30 seconds, stirring. Add cabbage, celery, peas and carrot; cook, stirring 1-2 minutes until veg. are crisp tender. Add chicken and pasta; toss 2 minutes until heated through. Stir cornstarch mixture and add to skillet; cook stirring 2-3 minutes until slightly thickened. Top with onion.
","Grammie","0","0","0","0","0",
"407",,"Amy's Broccoli Salad","Salads
","2 c. broccoli florettes (although I used the bagged broccoli/cabbage/carrot coleslaw it was delicious-I'll use it again)
1/4 c. green onions chopped(I didn't have any, so used walla walla sweet)
1/2 c. raisins (I used golden and may have used a bit more)
1 pound crisp, chopped bacon (I used 5 thick slices-don't know if it was a pound)
Sauce:
1 c. mayonnaise
1/3 c. sugar
2 T. red wine vinegar
1 t. curry
","Mix sauce together then add food ingredients. I found that I had to keep adding slaw mix b/c there was too much sauce. Top with sunflower seeds or slivered almonds.
","Amy Taylor","0","0","0","1","0",
"408",,"Apple Cole Slaw","Salads
","10 cups finely sliced cabbage
2 granny smith apples, peeled and chopped
4 oz. blue cheese, crumbled
DRESSING 
¾ cups Hellmans mayo
1 teas. fresh lemon juice
2 teas. sugar
½ teas. salt
2 Tab. dry Italian salad dressing
","Mix all ingredients and add to cabbage mxiture
","Grammie","0","0","0","0","0",
"409",,"Asian Vinaigrette","Salads
","¼ c.Rice Wine Vinegar
1 Tab. Soy sauce
¾ c. Canola Oil
2 teas. sugar
1-2 teas sesame oil
1/8 teas. ground red pepper
Can add: for Seattle dressing
Maui Onion - puréed or minced dried onions
Olive Oil Drizzle
","Combine in jar; cover tightly and
Shake vigorously. Chill. Yield 1 ¼ cups
","Grammie","0","0","0","0","0",
"410",,"Black Bean and Corn Salad","Salads
","1  15 oz. can black beans, drained and rinsed well
1 can white shoepeg corn, drained well
1 can Mexican style stewed tomatoes
1 chopped red bell pepper
¼ c. chopped fresh cilantro
8 green onions sliced, green and white parts
3 Tab. lime juice
2 Tab. balsamic vinegar
½ teas. cumin
¼ teas. salt
","Combine all ingredients. Store in refrigerator up to
 3 days in airtight container. Yields 4 cups
","Grammie","0","0","0","0","0",
"411",,"Corn and Black Bean Salad","Salads
","12 oz. drained kernal corn
15 oz. drained/rinsed black beans
1 red pepper, finely chopped
½ cup diagonally sliced green onions
½ cup chopped red onion
1 clove garlic minced
1 jalapeno pepper, seeded and chopped
cilantro or parsley for garnish

DRESSING
¾ cup Italian salad dressing
¾ teas. tobasco
½ teas. chili powder
1 Tab. lemon or lime juice
1 Tab. chopped parsley or cilantro
","Combine all vegetables, mix dressing and pour over vegetables. Stir, refrigerate, covered at least 6 hours or overnight
","Grammie","0","0","0","0","0",
"412",,"Caesar Salad ","Salads
","For the garlic croutons:
4 medium cloves of garlic
¼ cup olive oil 
2 cups packed ¾ bread cubes
from a bagette or Italian bread
Large pinch salt
For the salad:
3 heads romaine lettuce, hearts only
5 T. olive oil
Salt to taste
Freshly ground black pepper
2 T. freshly squeezed lemon juice
2 ½ T mayonnaise
¼ t. Worcestershire sauce
¼ cup (about 1 oz.) grated
Parmesan cheese, plus additional 
For garnish
","For the croutons: heat a 10 skillet
over low heat.
In small chopper, process garlic until minced.
Slowly add oil and process for 30 seconds.
Strain-should have 3 T. oil
Increase heat to medium.
Place the bread cubes in a medium bowl,
Drizzle with 2 T of the oil. Sprinkle with salt
And toss to coat. Add remaining oil and toss again.
Transfer bread cubes to preheated skillet and cook, 
Shaking often until crisp and golden brown.
5-7 minutes. Return croutons to bowl and cool.
For the salad: Place lettuce in large bowl.
Drizzle with the oil and sprinkle with S&P
Toss lightly.
In a small bowl, whisk together the lemon juice,
Mayo, and Wor. Sauce. Drizzle over lettuce and
Toss again.
Sprinkle the Parmesan cheese over the salad and toss gently.
Sprinkle with croutons over the salad and toss gently.
Divide onto salad plates and garnish with more P cheese.
Serve immediately.
","Grammie","0","0","0","0","0",
"413",,"Caesar Salad Blender Dressing","Salads
","clove garlic, cut up
2 T. lemon juice
2 1/2 T. mayonnaise 
¼ t. Worcestershire sauce
Parmesan, black pepper
slowly add 1/3 c. oil
","Blend above ingridients in blender.
","Grammie","0","0","0","0","0",
"414",,"Carrot Pennies","Salads
","5 cups carrots, sliced and cooked
1 medium onion, chopped
1 green pepper, chopped
1 can tomato soup
1/2 cup oil
3/4 cup sugar
3/4 cup vinegar
1 teaspoon salt
1 teaspoon dry mustard
1/2 teaspoon pepper
1 teaspoon worcestershire sauce
","Mix first three ingredients. Blend all other ingredients into sauce. Pour sauce over vegetables. Place in covered jars. Refrigerate overnight. Makes three pints.
","Grammie","0","0","0","0","0",
"415",,"Cheryl's Rice Salad","Salads
","1 ¼ cups Basmati rice
2 ½ cups water
Blend dressing:
1 t. cumin
1 T. lime juice
1/3 c. white wine vinegar
1/3 c. olive oil
½ t. pepper
1 t. salt
Add to rice:
1 jalepeno pepper, cut fine
2 c. corn kernels she used canned)
1 can drained and rinsed black beans
1 c. grape tomatoes cut in forths
½ c. green onions
½ c. shredded carrot
cilantro if desired
celery cut up fine if desired
","Make ahead 1 ¼ cups Basmati rice cooked in 2 ½ cups water.
Cool spread out on cookie sheet.
Add dressing and toss.
Refrigerate 
","Cheryl Carter","0","0","0","1","0",
"416",,"Chicken-Grape Salad","Salads
","3 cups diced cooked chicken
1-1/2 cups diced celery
3 t. Lemon juice
1-1/2 cups seedless green grapes sliced
¾ cups slivered toasted almonds
Dressing: 
¼ c. light cream
1 cup Hellman's
¾ t. salt
pepper
1 t. dry mustard
","Combine chicken, celery and lemon juice, chill an hour. 
Add: green grapes and almonds
Dressing: combine and add to chicken, grapes & almonds
","Grammie","0","0","0","1","0",
"417",,"Church Salad","Salads
","Dressing 1/2 cup sugar
1 teaspoon salt
1 teaspoon dry mustard
1/4 cup vinegar (regular or wine vinegar)
1 teaspoon paprika
1 tablespoon grated onion (or dehydrated onion)
1 teaspoon celery seed
Add 1 cup oil 
Salad:
1 10 oz. pkg. of spinach (washed & semi-dried and torn into bite size pieces)
1 bag of Cole slaw (or shredded cabbage), few shredded carrots if none in Cole slaw
1 cup chopped walnuts
1 cup raisins
","Mix dressing ingredients together, then add 1 cup oil - 1 tablespoon at a time, beating after each addition. Refrigerate overnight.
Combine spinach, cole slaw, carrots, walnuts, and raisins
Beat dressing again before drizzling on salad. Mix well.
Enjoy!
","Grammie","0","0","0","0","0",
"418",,"Crunchy Romaine Toss Salad","Salads
","Sweet and Sour Dressing
Blend together:
1 cup vegetable oil
½ cup sugar
½ cup wine vinegar
1 Tab. soy sauce
Salad
¼ cup unsalted butter
1 cup walnuts, chopped in big pieces
1 package ramen noodles, uncooked and broken up (discard flavor packet)
1 head romaine lettuce, washed, spun dry, and broken into pieces
1 bunch broccoli, chopped coarse
4 scallions, chopped
1 cup sweet and sour dressing
","In a small saucepan, melt butter and brown the walnuts and noodles.; cool on paper towel.
Line a salad bowl with romaine.
Add the noodles and walnuts, broccoli, and scallions.
Pour enough dressing over to coat the ingredients and toss well.
Reserve remaining dressing for another use.
Serves 10-12
","Grammie","0","0","10","0","0",
"419",,"Cucumber in Sour Cream","Salads
","½ clove garlic
¾ t. salt
1 ½ c. sour cream
2 T. vinegar
¼ t. pepper
2 cucumbers
","Crush garlic in salt. Add rest of sauce ingredients. Mix.
Fold in cucumbers.
","Grammie","0","0","0","0","0",
"420",,"Gourmet Chicken Salad","Salads
","Combine:
2 small packages lemon gelatin
1 ½ cups boiling water
2 Tab. cider vinegar
1 t. garlic salt
1 t. onion salt
Beat in by hand:
1 cup Hellmanns mayonnaise
1 cup sour cream
Let cool outside refrigerator until partly jellied.
Then add:
1 cup finely chopped celery
1 cup chopped pecans
3 cups diced chopped chicken
2 Tab. chopped parsley (for color)
","Place in mold or 8 x 11 pan overnight in
Refrigerator. Cut and serve on lettuce.
Use mayonnaise topping if desired.
Serves 8 to 10.
","Grammie","0","0","8","0","0",
"421",,"Greek Salad","Salads
","1 head lettuce, torn to bite size.
2 firm tomatoes, cut in bite size pieces
4 radishes, thinly sliced
6 fresh scallions, chopped
16-20 Greek olives
12 small whole green peppers (found near black olives)
1/2# feta cheese crumbled
long english cucumber, peeled and chopped
1/2 c. olive oil
4 Tab. red wine vinegar
1 scant teas. salt
1 teas. oregano
dash fresh pepper
",,"Grammie","0","0","0","0","0",
"422",,"Mandarin Salad","Salads
","¼ c. sliced almonds
1T+1t sugar
¼ head lettuce, bite size pieces
¼ bunch romaine, torn into bite size pieces
2 medium stalks celery, chopped (about 1 cup)
2 green onions with tops, thinly sliced (about 2T)
Sweet-Sour Dressing
1 can mandarin oranges, drained, or segments of small oranges
","Cook almonds and sugar over low heat, stirring constantly, until sugar is melted and almonds are coated. Cool and break apart. Store at room temperature.
Place lettuce and romaine in plastic bag; add celery and onions. Pour Sweet-Sour Dressing into bag; add orange segments. Close bag tightly and shake until greens and orange segments are well coated. Add almonds and shake.
","Grammie","0","0","0","0","0",
"423",,"Sweet-Sour Dressing","Salads
","¼ c. vegetable oil
2 T. sugar
2 T. vinegar
1 T. snipped parsley
½ t. salt
dash of pepper
dash of red pepper sauce
",,"Grammie","0","0","0","0","0",
"424",,"Honey Mustard Dressing","Salads
","2 T. red wine vinegar
2 T. olive oil
1 T. Dijon mustard
1 T. honey
",,"Grammie","0","0","0","0","0",
"425",,"Margaret's Pineapple Beets","Salads
","2 cans sliced beets, drained
1-13 ½ oz. can pineapple chunks
Drain, saving juice
½ cup water
1/3 cup cider vinegar
4 Tab. brown sugar
1 Tab. corn starch
½ t. salt
1/8 t. ground ginger
1 t. sugar (Ms suggestion)
","Mix drained pineapple juice with water 
and vinegar.
Add 5 dried ingredients to juice and cook
till thickened, stirring constantlyAdd beets
 and heat to boiling
Just before serving, add pineapple.
I liked it served cool, rather than hot.
","Grammie","0","0","0","1","0",
"426",,"Chilled Vegetable Salad","Salads
","1 cup sugar
3/4 cup vinegar
1/2 cup oil (I use 1/4 cup)
1 med. green pepper, chopped
1 med. onion, finely diced
3 celery ribs, sliced or diced
1 (7 oz.) jar diced pimiento, un-drained
1 can Le Sueur tiny peas, drained
1 can French-cut green beans, drained
1 can white shoepeg corn, drained
1/2 teaspoon salt
1/4 teaspoon pepper
","-Bring first 3 ingredients to a boil in small saucepan
over medium heat; cook, stirring often, 5 minutes or
until sugar dissolves.
-Remove dressing from heat, and cool 30 minutes.
-Stir together chopped pepper and next 8 ingredients 
in a large bowl; gently stir in dressing. Cover and 
chill for 8 hours, or longer. Serve with a slotted spoon.
-Yield: 8 cups. CHILLED VEGETABLE SALAD
1 cup sugar
3/4 cup vinegar
1/2 cup oil (I use 1/4 cup)
1 med. green pepper, chopped
1 med. onion, finely diced
3 celery ribs, sliced or diced
1 (7 oz.) jar diced pimiento, un-drained
1 can Le Sueur tiny peas, drained
1 can French-cut green beans, drained
1 can white shoepeg corn, drained
1/2 teaspoon salt
1/4 teaspoon pepper
-Bring first 3 ingredients to a boil in small saucepan
over medium heat; cook, stirring often, 5 minutes or
until sugar dissolves.
-Remove dressing from heat, and cool 30 minutes.
-Stir together chopped pepper and next 8 ingredients 
in a large bowl; gently stir in dressing. Cover and 
chill for 8 hours, or longer. Serve with a slotted spoon.
-Yield: 8 cups. 
","Grammie","0","0","8","0","0",
"427",,"North Shore Chicken Salad","Salads
","Dressing: Put in blender or processor and blend together:
2 large cloves garlic minced
1 Tab. Dijon Mustard
1/2 teas. salt
1/4 teas. sugar
1/4 teas. freshly ground pepper
1/4 cup rice wine vinegar
1/3 cup vegetable oil 
Salad:
4 c. freshly cooked wild rice (1 cup dry cooked in 3 c. chicken stock or broth
Juice of 1 lemon. Add to warm rice and cool.
1 whole chicken breast cooked and cubed or shredded
3 scallions including tops
1/2 red bell pepper diced
2 oz. snow peas, boiled 1 minute, drained and cut into 1 pieces
1 or 2 ripe avocados, cut into med size pieces
1 cup roasted pecan halves
Lettuce leaves
","Mix all but last three ingredients with the dressing. Cover;refrigerate 2-4 hours
Just before serving, add the avacados and pecans and toss. Transfer to a salad bowl
and garnish with lettuce leaves.
","Grammie","0","0","0","0","0",
"428",,"Tossed Fruit Salad","Salads
","Dressing  combine in blender and chill
1 cup oil
¼ cup sugar
1 teas. dry mustard 
1/3 cup white vinegar
1-1/2 Tab. poppy seeds
1 teas. salt

Salad - 
1 or 2heads iceberg lettuce, wash dried, crisped and torn
1 pint fresh strawberries, halved
2 oranges, peeled and diced (or mandarin oranges)
2 avocados, peeled and diced - add just before serving
Add as much of the dressing as desired
",,"Grammie","0","0","0","0","0",
"429",,"Speedy Pickled Peaches ","Salads
","Can be made with canned pears or apricots
1 29-ounce can peach halves
1/2 cup sugar
1/2 cup vinegar
1 short stick cinnamon
1/2 teaspoon whole cloves
(can add a few whole allspice)
","Day before or up to 1 week ahead:
Drain peach halves, reserving 1 cup syrup.
In medium saucepan, combine reserved
syrup, sugar, vinegar and spices. Add fruit.
Over medium heat, bring to boil; reduce 
heat to low and simmer about 5 minutes.
Store, covered, in refrigerator at least one 
day before serving.
Makes 8 servings.
Can be served warm but I like them best
cold. 
If using pear halves you can add a drop of red 
or green food coloring for holidays. (This reminds 
me of cooking apple wedges with red hot cinnamon
candies. Yum!) Margaret Cyrus
","Grammie","0","0","0","0","0",
"430",,"Rice Salad","Salads
","4c. cooked long grain rice (about 2 c. uncooked)
8 radishes, sliced
4 hard cooked eggs, chopped
1 medium cucumber, peeled, seeded and chopped
2 c. thinly sliced celery
1/2 c. chopped onion
1-1/2 c. mayonnaise (I use Hellmans)
3 T. prepared mustard
3/4 t. salt
","In a large bowl, combine rice and vegetables. Combine, mayo, must. & salt. 
Pour over rice mixture and toss. Cover and refrigerate at least 1 hour.
Yield: 12-14 servings
","Grammie","0","0","12","0","0",
"431",,"Sheilas Orange Almond Salad","Salads
","¼ c. salad oil (canola oil)
2 T. sugar
2 T. malt vinegar
¼ t. salt
1 t. almond extract
Combine and shake well. Chill.
Mix and toss lightly:
1 can drained mandarin oranges
1/3 c. toasted sliced almonds
6 c. mixed greens  lettuce or spinach
2 T. sliced green onions
","Serve at once.
","Grammie","0","0","0","0","0",
"432",,"Spinach salad with hot citrus dressing","Salads
","2 # fresh spinach
4 oranges peeled and sectioned
1 purple onion sliced and separated into rings
3 oz. goat cheese, crumbled
1 c. dried cranberries
½ c. chopped pecans, toasted
Hot citrus dressing
Hot Citrus Dressing
1 6 oz can froz OJ thawed
1 small onion, diced
½ c. red wine vinegar
1 c. brown sugar
1 T. grated orange rind
1 t. dry mustard
1 t. salt
½ t. hot sauce
1 c. peanut oil
","Salad: 
Remove stems from spinach. Wash and dry
Arrange spinach and next 5 ingred on 8 salad plates
Drizzle with dressing
Hot Citrus Dressing:
Process first three ingred in blender until smooth.
Add brown sugar and next 4 ingred. Process until smooth.
Turn blender on high. Add peanut oil in slow steady stream.
Bring mixture to a boil in saucepan. Cook over med. Heat
10 minutes. Makes 2 ½ cups
","Grammie","0","0","0","0","0",
"433",,"Spinach-Pear Salad","Salads
","1/2 cup olive oil 
1/4 small onion 
2 tablespoons grated Parmesan cheese
1 (10-ounce) package fresh spinach
2 tablespoons cider vinegar
1/2 to 1 teaspoon salt 
2 pears, peeled and thinly sliced
1/2 teaspoon Worcesterhire sauce 
1/4 cup golden raisins
1/4 teaspoon sugar
1/4 teaspoon dry mustard
1/4 teaspoon dried basil
1/8 teaspoon pepper
1/4 cup pecan halves, toasted
","Position knife blade in food processor bowl; add first 10 ingredients. Cover and process until well blended, stopping once to scrape down sides. Set dressing aside.
 Remove and discard stems from spinach. Wash spinach, and pat dry with paper towels. Combine spinach, pear, raisins, and pecans in a large bowl. Pour reserved dressing over salad, and toss gently. 
Serve immediately. Yield: 8 servings
","Grammie","0","0","8","0","0",
"434",,"Tossed Fruit Salad","Salads
","Dressing:
1 c. oil
¼ c. sugar
1 t. dry mustard
1/3 c. white vinegar
1 ½ Tab. poppy seed
1 t. salt
1 head lettuce, wash, dried and torn
1 pint fresh strawberries, halved
2 oranges, peeled and diced or mandarin oranges or clementines
2 avocados, peeled and diced

","Dressing-Mix together in blender: Chill well.
For salad, add avocado just before serving or put
lemon juice on avocado
","Grammie","0","0","0","0","0",
"435",,"Tomato, Basil, Mozerella","Salads
","Sliced tomatoes
Sliced fresh mozzarella
Sliced fresh basil
Olive oil and
Balsamic or red wine vinegar
S & P to taste
",,"Grammie","0","0","0","0","0",
"436",,"Marinade for Chicken on the Grill","Poultry
","1/2 cup A-1 Steak Sauce
1/4 cup vegetable oil
1/4 cup Kikoman Soy Sauce
2 lbs boneless chicken breasts
","Gently stir above three ingredients in a bowl. Use as a marinade for boneless chicken breasts. Place in a glass pan and cover. Let marinade for several hours, or over night. Grill chicken until done. Don not over cook.
","Aunt Sue","5","0","0","0","3",
"437",,"Nancy's Blueberry French Toast Bake","Breakfast
","½ c. flour
1 ½ c. milk
¼ c. sugar
½ t. vanilla
¼ t. salt
6 eggs
10 slices French bread (1 thick) cut into cubes
1-3 oz pkg. cream cheese
1 c. blueberries
½ c. chopped nuts if desired
Powdered sugar or maple syrup for topping after it is baked
","Grease 2 ½ Qt. casserole or 9 x 13 dish.
Beat first 6 ingredients. With hand mixer.
Stir in bread cubes until well coated.
Pour into pan. Top evenly with cream cheese, blueberries (and nuts if desired)
Cover and refrigerate for up to 24 hours.
Heat oven to 400 degrees. Uncover and bake 20-25 minutes.
Serve with powdered sugar and syrup
Serves 6 to 8 people
","Grammie","0","0","6","1","0",
"438",,"Lemonade","Beverages
","1 cup sugar
1 cup lemon juice (not bottled)
","Boil 1 cup water and 1 cup sugar until sugar dissolved, 4-5 min. Let cool. Combune syrup, 2 qt. ice water and 1 cup lemon juice. Add 4-5 thin slices lemon. Garnish with mint.
","Sandy","0","0","0","1","3",
"439",,"Crispy Teton Treats","Desserts,Cookies
","2 10-oz. pkg. marshmallows 
1/2 cup butter 
12 cups crisp rice cereal 
1 cup coarsely chopped walnuts, toasted 
3 cups semisweet chocolate pieces 
1 Tbsp. shortening 
Small white decorative candies 
","1. Generously butter a 13x9x2-inch baking pan. Set aside. 
2. In a large saucepan or 6- to 8-quart Dutch oven combine marshmallows and butter; cook and stir over medium-low heat until melted. Stir in 6 cups of the cereal and the walnuts until combined. Stir in remaining cereal. Transfer mixture to prepared pan. Spread evenly in pan using a buttered spatula. Cool completely.

3. Cut bars into 12 squares. Cut each square in half diagonally to make 2 triangles. (Or cut into desired shape.) In a small saucepan cook and stir chocolate pieces and shortening over low heat until melted.

4. Dip tips of triangles into melted chocolate. Sprinkle with white decorative candies. Makes 24 crisps. 
","Better Homes & Gardens","45","0","24","0","0",
"440",,"Grilled Pork Rub","Pork,Sauces
","3 tablespoons brown sugar 
2 teaspoons Garlic Powder 
2 teaspoons Chili Powder 
1/2 teaspoon Black Pepper 
1/2 teaspoon Oregano Leaves 
1/2 teaspoon salt 
4-6 pork chops
","Combine seasonings. Coat pork evenly with the rub. Refrigerate 30 minutes or up to 3 hours for stronger flavor. 
Lightly grease grill rack. Preheat grill to medium heat or use indirect heat method. Grill 25-30 minutes or until pork registers 160 degrees F with meat thermometer, turning occasionally. 
Remove from grill, cover with aluminum foil. Let stand 5 minutes before cutting into thin slices. 
","allrecipes.com","5","0","6","1","2",
"442",,"Cheese, Onion Dip","Appetizers,Entertaining
","1 8 ounce cream cheese
1 cup Hellmans mayonnaise
1 cup shredded cheddar cheese extra sharp
1 cup finely chopped Vidalia onion
Mix together, Bake 30 minutes at 350 degrees
Serve with tortilla chips
","Mix together, Bake 30 minutes at 350 degrees
Serve with tortilla chips
","Grammie","5","30","10","1","3",
"443",,"Dirt (smaller portion)","Desserts
","1/4 cup butter, softened 
5 ounces cream cheese, softened 
1/4 cup confectioners' sugar 
1 package instant vanilla pudding mix 
2 cups milk
1 (8 ounce) container frozen whipped topping, thawed 
16 ounces chocolate sandwich cookies with creme filling
","Chop cookies very fine in food processor. The white cream will disappear. 
Mix butter, cream cheese, and sugar in bowl. 
In a large bowl mix milk, pudding and whipped topping together. 
Recipe yield: 1 medium size flower pot 
Combine pudding mixture and cream mixture together. 
Layer in flower pot, starting with cookies then cream mixture. Repeat layers. 
Chill until ready to serve. 
Add artificial flower and trowel. Enjoy! 
","allrecipes.com","0","0","10","1","3",
"444",,"Mama Waddell's Pumpkin Pie Cake","Desserts,Cakes,Pies,Holidays
","1 box yellow cake mix (reserve one cup)
1/2 cup melted margarine
1 slightly beaten egg
1 large can pumpkin
2 slightly beaten eggs
2/3 cup of canned milk(evaporated)
1 cup sugar
1 tsp. cinnamon
1/2 tsp. nutmeg
1/4 tsp. ground cloves
1/4 cup sugar
1/2 cup soft margarine
cinnamon ( a dash or two to your liking)
","Mix and spread in greased 13 x 9 pan:
 1 box yellow cake mix (reserve one cup)
 1/2 cup melted margarine
 1 slightly beaten egg

*If this is hard to spread you can use a piece of wax paper to help press down the mixture in the pan

Mix and spread over top:
 1 large can pumpkin
 2 slightly beaten eggs
 2/3 cup of canned milk(evaporated)
 1 cup sugar
 1 tsp. cinnamon
 1/2 tsp. nutmeg
 1/4 tsp. ground cloves


Mix and dot over top:
 Reserved cup of cake mix
 1/4 cup sugar
 1/2 cup soft margarine
 cinnamon ( a dash or two to your liking)

Bake in a 350 oven for 45-60 min. or until knofe comes out clean. Refrigerate leftovers
","Mama Waddell","0","60","0","0","0",
"445",,"Apple Sauce","Sauces","1/4 cup water
4 cups cut - up fruit
1/2 cup sugar
1 t. white vinegar
1/8 teaspoon cinnamon
dash of salt","1/4 cup water
4 cups cut - up fruit (skin on)
1/2 cup sugar
1 t. white vinegar
1/8 teaspoon cinnamon
dash of salt

Stir often, slow boil for about 20 minute. 
Use Cuisinart Smart Stick to blend it to desired consistency.

*I use freezer bags to package the applesauce","Mama Waddell","0","20","0","0","3",
"446",,"Mama Waddell's Apple Crisp","Desserts
","4 cups apples
cinnamon

TOPPING:
3 /4 cup melted butter or margarine
1 cup brown sugar
1 cup flour
1 cup oatmeal

","4 Cups apples
cinnamon

TOPPING:
3 /4 cup melted butter or margarine
1 cup brown sugar
1 cup flour
1 cup oatmeal

Peel apples and cut up into small chunks, ( I use slices) Sread on bottom of pan and sprinkle with cinnamon. Mix together ingredients for topping and spread over apples. Bake at 375 degrees for 35-40 minutes 

*This is a good amount for an 8 or 9 inch square pan or a 1 1/2 quart casserole dish. If you want to use a larger pan double the recipe. 
","Mama Waddell","0","40","0","0","3",
"447",,"Italian Pasta Pie","Hamburger,Italian,Pasta,Casseroles
","3/4 lbs angel hair pasta
4 eggs, beaten
1/2 cup parmesan cheese, grated
1/2 cup cheddar cheese, shredded
4 T butter
1 cup green bell pepper, 1/4 inch diced
1 cup onion, 1/4 inch diced
2 cups sour cream
2 lbs. ground hamburger (or italian sausage)
2 cups tomato sauce
1/2 t dried basil, crushed
1/2 t dried oregano, crushed
1/2 t garlic salt
1/2 t ground black pepper
10 oz. mozzerella, shredded
","Cook pasta in boiling water until al dente; drain well. Place in large mixing bowl. Combine beaten eggs and cheese. Toss with warm pasta until pasta is well-coated. Divide; turn into 2 well-greased 10-in. pie pans. Shape into pie crusts; 
Melt butter in skillet; saute bell pepper and onion until onion is transparent. Add sour cream; mix well. Divide; spread over pasta mixture; reserve. 
Cook hamburger in large skillet until browned; drain off fat. Stir in tomato sauce and seasonings; mix well. Divide; spoon sausage mixture over sour cream mixture in pie pans. 
Bake at 350F for 25 minutes. Remove pans from oven; sprinkle each pan with 5 oz. mozzerella cheese; return pans to oven; bake 6-8 minutes or until cheese is melted and bubbly. 
To serve, cut each pie into 6 wedges. (Freezes excellently)
","Karen Dietz","0","0","12","2","2",
"448",,"Turkey Lattice Pie","Poultry,Casseroles
","3 tubes (8 ounces each) refridgerated crescent rolls
4 cups cubed cooked turkey (chicken)
1 1/2 cups (6 ounces) shredded cheddar or swiss cheese
1 package (10 ounces) frozen chopped broccoli (or green beans), thawed and drained
1 can (10 3/4 ounces) condensed cream of chicken soup, undiluted
1 1/3 cups milk
2 T dijon mustard
1 T dried minced onion
1/2 t salt
dash pepper
1 egg, lightly beaten
","Unroll two tubes of crescent roll dough; seperate into rectangles. Place rectangles in a greased 15 in. x 10 in. x 1 in. baking pan (or two pie pans). Press onto the bottom and 1/2 in. up the sides of pan to form a crust, sealing seams and perforations. Bake at 350 degrees for 5-7 minutes or until light golden brown. 
In a bowl, combine the turket, cheese, broccoli (green beans), soup, milk, mustand, onion, salt, and pepper; mix well. Spoon over crust. 
Unroll remaining dough; divide into rectangles. Seal perforations. Cut each rectangle into four 1 inch strips. Using strips, make a lattice design on top of turkey mixture. Brush with egg. 
Bake 17-22 minutes longer or until top crust is golden brown and filling is hot.
(Great to freeze and eat later)
","Unknown","0","30","14","0","1",
"449",,"MONTEREY SPAGHETTI ","Vegetarian,Italian,Pasta
","4 oz. spaghetti broken into 2 inch pieces
1 egg
1 cup (8 ounces) sour cream
¼ cup grated Parmesan cheese
¼ t. garlic powder
2 cups (8 ounces) shredded Monterey Jack cheese
1 package (10 oz.) frozen chopped spinach, thawed and drained
1 can (2.8 oz) french-fried onions, divided
","Cook the spaghetti according to package directions. Meanwhile, in a medium bowl, beat the egg. Add the sour cream, Parmesan cheese and garlic powder. Drain the spaghetti; add to egg mixture with the M J cheese, spinach and half of the onions. Pour into a greased 2 quart baking dish.
Cover and bake at 350 degrees for 30 minutes or until heated through. Top with the remaining onions; return to oven for 5 minutes or until onions are golden brown. Yield; 6-8 servings
","Grammie","0","0","6","0","1",
"450",,"Alfredo Fondue","Sauces,Appetizers,Entertaining
","1 clove garlic
1/2 cup dry white wine
10-ounce tub prepared alfredo sauce
8-ounce pkg grated Swiss cheese
dash nutmeg
1 T kircsh or brandy (optional)
bread cubes, sliced apples, and/or sliced pears
","Rub a fresh garlic clove that has been halved lengthwise around the inside of a small sauce pan or fondue pot. Add 1/2 cup dry white wine and heat to boiling. Reduce heat to low and add a 10-ounce tub of prepared grated Swiss cheese, and a dash of nutmeg. Stir constantly until cheese is melted. if you likfe, stir in 1 tablespoon kirsch or brandy. Serve with cubes of sourdough or crunchy bread, sliced pears, and sliced apples.
",,"0","0","0","0","0",
"451",,"Quick Szechwan Sauce","Chinese,Sauces
","5 T sugar
5 T ketchup
5 T vinegar
3 T olive oil
2 t minced garlic
2 t chopped fresh ginger
3 red chili peppers, seeded and finely chopped (optional)
","Wisk together in a bowl; use in stir fry.
","allrecipes.com","3","0","3","1","1",
"452",,"Aunt Eleanor's Torte","Desserts,Cakes
","1 stick (1/2 cup) softened butter or margarine
1 cup flour
½ cup chopped nuts
1 cup Cool Whip
1 cup powdered sugar
1 large (8 oz.) softened plain cream cheese
2 cups of cold milk 
2 small or one large package of INSTANT lemon, chocolate or pudding; 

","Layer 1: By hand, mix together the ingredients below and pat into the bottom of a 9X13 inch pan or in a jelly roll pan (approximately 10in. X 15in. with 1 inch sides.) 
1 stick (1/2 cup) softened butter or margarine
1 cup flour
½ cup chopped nuts
**Bake the first layer (butter, flour and nuts) in an oven at 350 degrees for 20 minutes. Cool and set aside
.
Layer 2: Mix the following together using the electric mixer:

1 cup Cool Whip
1 cup powdered sugar
1 large (8 oz.) softened plain cream cheese
** Spread over top of Layer 1 above.
Layer 3: Mix 3 cups of cold milk with:
2 small or one large package of INSTANT lemon, chocolate or pudding; (beat with the electric mixer on the lowest speed about 3 minutes until the pudding thickens).
** Spread this pudding mixture over top of the second layer above, using gentle strokes..
Layer 4: ** Top with Cool Whip. Add finely chopped nuts or decorate with fruit pieces. Chill in the refrigerator, cut in desired pieces, and serve.
NOTE: This is a very easy recipe; it is serves a lot of people and it is also very attractive. 
","Aunt Eleanor","0","0","0","1","0",
"453",,"Philly Oreo Cheesecake","Desserts,Cakes
","1 pkg. Oreos
1/4 C. butter, melted
4 pkg Cream Cheese, softened
1 C. Sugar
1 t Vanilla
1 C. Sour Cream
4 Eggs
","Preheat oven to 325 degrees. Place cookies in food processor; cover. Process 30 to 45 seconds or until finely ground. Add butter; mix well. Press firmly onto bottom of 13 x 9 inch pan.
Beat cream cheese, sugar, and vanilla in large bowl with electirc mixer on medium speed until well blended. Add sour cream; mix well. Add eggs, 1 at a time, beating just until blended after each addition. Chop remaining cookies. Gently stir 1.5 cups of the chopped cookies into cream cheese batter. Pour over crust; sprinkle with remaining chopped cookies.
Bake 45 minutes or until center is almost set. Cool. Refridgerate 3 hours or overnight. Cut into 16 pieces. Store leftovers in fridge. Makes 16 servings.
TIP: for easy removal, line pan with foil, with ends extending over pans sides. Lift from pan, using foil handles.
","Kraft - www.creamcheese.com","0","0","16","2","0",
"454",,"Raspberry Ring Mold","Desserts
","2 cups of BOILING liquid (use water or fruit syrup)
1 large (6oz.) package raspberry-flavored gelatin
1 pint red raspberry sherbet 
1 can (11 ounces) drained mandarin oranges
 (drain all fruit between paper towels and squeeze lightly)
1 can drained pineapple chunks
(OPTIONAL) 1 cup flaked coconut
1½ cups miniature marshmellows
1 ½ cups COOL WHIP (can use more if desired)
","NOTE: This first step is best done a day ahead or overnight
so the gelatin will be very firm.
2 cups of BOILING liquid (use water or fruit syrup)
1 large (6oz.) package raspberry-flavored gelatin
1 pint red raspberry sherbet 
 ** Pour the boiling water over the gelatin and stir thoroughly.
 Add the raspberry sherbet to the gelatin and stir.
 Pour into a 4-cup ring mold.
 Chill until very firm. 
NEXT DAY: 
Three hours before serving the ring mold, combine the following:
1 can (11 ounces) drained mandarin oranges
 (drain all fruit between paper towels and squeeze lightly)
1 can drained pineapple chunks
(OPTIONAL) 1 cup flaked coconut
1½ cups miniature marshmellows
1 ½ cups COOL WHIP (can use more if desired)
CHILL for about 3 hours.
---------------------------------------------------------------------------------
Remove the mold from the refrigerator; invert the mold over a serving platter. Unmold the gelatin by running warm water over the bottom of the mold to release it from the mold. Wipe off any excess liquid on the serving platter.
Fill the center of the mold with the fruit mixture above.
","Aunt Eleanor","0","0","0","0","0",
"455",,"Texas Sheet Cake","Desserts,Cakes
","2 cups sugar
2 eggs
1/2 sour cream
2 cups sifted flour
1 tsp. soda
1/2 tsp. salt
2 sticks butter
1 cup water
1/4 cup cocoa
FROSTING:
1/2 stick butter (1/4 cup)
1 1/2 T. milk
1 T. cocoa
1 cup sifted powdered sugar
2 tsp. vanilla. Optional: 1 cup chopped walnuts.
","Using electric mixer, cream together:
 2 cups sugar
 2 eggs
 1/2 sour cream

Stir together and add to above mixture:
 2 cups sifted flour
 1 tsp. soda
 1/2 tsp. salt

Bring the ingredients below to a boil and add to the above. 
2 sticks butter
1 cup water
1/4 cup cocoa

Beat well and pour into a well greased and floured 
11"" x 16"" jelly roll pan. ( or similar size)
Bake at 350 for 25- 30 minutes.

 Frosting
Bring to a boil in saucepan: 
1/2 stick butter (1/4 cup)
1 1/2 T. milk
1 T. cocoa

Add to above mixture:
1 cup sifted powdered sugar
2 tsp. vanilla. Optional: 1 cup chopped walnuts.

Frost when cake is cooled. 
","Linda Dietz","0","0","0","0","3",
"456",,"Creamy Caesar Dressing","Salads
","1 C. Mayo
1 T lemon juice
1 t Worchestershire
1 clove minced garlic
1/4 t salt
1/4 t pepper
1/2 C Parmesean cheese
1 T milk
","Put all ingredients in blender and blend
","Scott","15","0","4","1","3",
"457",,"Tortelloni with Gorgonzola Cream Sauce","Pasta,Sauces
","One 8 oz bag of Four Cheese Tortelloni (Costco has a great tortelloni)
1/4 cup pine nuts
2T Olive Oil
1 small onion
2 cloves chopped garlic
Salt & pepper to taste
","Cook torelloni according to package directions
Roast pine nuts until lightly browned, set aside
In a large skillet, saute onions and garlic in olive oil until transparent
Add white wine and cream, and simmer for 3-4 minutes
Add gorganzola and simmer for another 3 minutes
Add pine nuts and drained tortelloni, and let sit for 2 minutes
","Barilla","5","10","3","2","3",
"459",,"Roquefort Steak Sauce","Beef
","3 oz blue cheese
3 T butter (melted)
1/4 t Worchester Sauce
","Mix together the above. Grill steaks. Pour sauce over steaks and heat for 1-2 minutes longer. Sauce is for 4 steaks.
",,"3","0","4","0","3",
"481",,"Fish Tacos","Seafood Mexican","1/2C sour cream
1/2C mayo
1/2 lime
1t cumin
1t oregano
1/4t chipotle chili powder
2T fresh cilantro, chopped
1 small tomato, diced
1 avacado, diced
1/4C diced onion
Gorton's Crispy Battered Fish Portions
Corn Tortillas","Make fish in the oven according to the bag
Salsa: Mix onion, 2T cilantro, and tomato
Sauce: Mix mayo, sour cream, juice of 1/2 lime, 2T cilantro, chili powder, oregano, and cumin
Assembly: Preheat tortillas in the microwave.  Add a spoonful of sauce to each taco, followed by 1T avacado, 1 fish fillet, and 2T salsa.
","Scott","0","0","0",NULL,"0",NULL
"465",,"Fresh Pepper Salsa","Mexican
","1 each peppers- green, red, orange, yellow
1 onion 
1 jalapeno 
2 (or more) cloves garlic 
cilantro to taste 
1 can black beans, drained and rinsed 
1 can corn, drained and rinsed 
2 cans rotel- 1 mild, 1 spicy if desired
","Chop peppers and onion. Mince garlic and jalapeño. Add together with other ingredients
","Sandy","20","0","0","2","2",
"466",,"Pepper Salsa",,,,,"0","0","0","0","0",
"467",,"Cilantro Chicken","Poultry
","4 chix breasts
1/4 cup lime juice
1/2 cup chopped fresh cilantro
1 T. honey
1 T. olive oil
1/2 t. salt
1/4 t. pepper

","Pound chicken breasts to even thickness. Mix other ingredients and marinade 30 min to overnight. Grill to desired doneness
","Sandy","20","0","4","1","0",
"468",,"Play Doh",,"3 cups flour
1 1/2 cups salt
2 T. cream of tartar
3 cups water
3 T. cooking oil
Food coloring of choice (must put in before cooking)","Combine the above. Cook and stir in saucepan over medium high heat until the consistency of mashed potatoes.

NOTE: Makes a really big recipe, good for play group.  For family use consider halfing recipe.","Linda Dietz","0","0","0","0","0",
"469",,"Warm Chocolate Melting Cake",,"6oz Dark Chocolate
6oz Butter
4 eggs
6oz Sugar
2oz Flour
","Note: for best results, eggs should be room temperature.
Melt chocolate and butter.
Mix the eggs and sugar and whisk for a few minutes, then add flour.
Combine egg and chocolate mixes.
Pour into individual ramekins.
Bake at 390 for 14 minutes.
","Carnival Cruise Line","10","14","4","2","3",
"470",,"Baked Potato Casserole","Casseroles
","5 pounds red potatoes, cooked and cubed
1 pound sliced bacon, cooked and crumbled
4 cups (1 pound) cubed cheddar cheese
4 cups (1 pound) shredded sharp cheddar cheese
1 large onion, finely chopped
1 cup mayo
1 cup (8 ounces) sour cream
1 tablespoon minced chives
1 teaspoon salt
1/2 teaspoon pepper
","In a large bowl, combine potatoes and bacon. In another lbowl, combine the remaining ingredients; add to potato mixture and toss gently to coat. Transfer to a greased 4.5 quart baking dish. Bake, uncovered, at 325 for 50-60 minutes or until bubbly and lightly browned.
","Grammie","0","0","-4","0","0",
"471",,"Sarah's Enchiladas","Poultry,Mexican
","4 chicken breasts
chopped onion
chopped garlic
half cup shredded cheese
small container sour cream
small can green chilies
garlic powder
salt
smoked paprika
cumin
cayenne pepper (optional - makes spicy)
tortillas
salsa verde
","Simmer chicken breasts in water with chopped onion and garlic. Let cool and shred.
Mix with a half cup shredded cheese, a small container sour cream, and a small can green chilies.
Add (to taste) garlic powder, salt, smoked paprika, cumin, and cayenne pepper (optional)
Roll mixture in tortillas and place in baking dish coated with non-stick spray. 
Cover with a jar of salsa verde (I like Herdez brand), some more cheese, and bake at 350 until bubbly, (20 to 30minutes, depending on how big of a batch you make.)
","Sarah DiPier","0","0","0","1","3",
"472",,"Sweet Potato Casserole","Vegetarian Vegetables Casseroles Entertaining Holidays","4 medium or 3 large yams. 1 20 oz can pineapple. Save juice.
1 T. Flour
3 T. brown sugar
1/2 tsp. cinnamon
Dash salt. 
 3 T. butter
1/2 cup walnuts. 
1 1/2 cup mini marshmallows","1.Cook 3 medium to large yams until tender but not mushy. Do you overcook. 
2. Drain yams of the cooking water and set them aside.
3. Line the bottom of baking dish with pineapple rings, which will overlap a bit.
4. Stir the dry ingredients (flour, brown sugar, cinnamon and salt) in a small bowl.  I use a cereal bowl.
5. Melt butter in a small saucepan over medium heat as to not burn the butter.
6 Stir dry ingredients into melted butter just to moisten and then gradually stir in the pineapple juice.  Continue to gently stir until the sauce thickens. 
7. Pour thickened sauce over yams and gently stir as to not mush up the yams.
8. Now turn the yam mixture over the pineapple, arranging for even distribution.
9. Evenly sprinkle chopped walnuts over the yams. (I use a half a cup of chopped walnuts since I prefer this to one fourth a cup)
10. Evenly sprinkle mini marshmallows on top and you are ready to bake.
11. Bake at 350 for 25 minutes.","Aunt Sue","0","25","0","0","0",
"475",,"Chicken and Dumplings","Poultry
","DUMPLINGS:
2 1/4 cup flour
1 T baking powder
1/2 t. salt
4 1/2 T soft butter
1 1/8 cup milk
","Above ingredients are for making dumplings. Call mom to get rest of recipe - chicken and gravy. ;-) 
Cook 10 minutes uncovered and 10 minutes covered. Use rack.
","Linda Dietz","0","20","0","0","0",
"479",,"Lofthouse Sugar Cookies","Desserts,Cookies
","For the Cookies:
 6 cups all-purpose flour
 1 teaspoon baking soda
 1 teaspoon baking powder
 ½ teaspoon salt
 1 cup unsalted butter, at room temperature
 2 cups granulated sugar
 3 eggs
 2 teaspoons vanilla extract
 1½ cups sour cream

For the Easy Buttercream Frosting:
 1 cup unsalted butter, room temperature
 1 teaspoon vanilla extract
 4 cups powdered sugar
 Pinch of salt
 6 tablespoons heavy cream
","1. In a medium bowl whisk together the flour, baking soda, baking powder and salt; set aside.

2. In the bowl of a stand mixer with the flat beater attached, cream the butter and granulated sugar at medium speed until light and fluffy, about 3 minutes. Scrape down the sides of the bowl with a rubber spatula as needed. Add the eggs, one at a time, beating until each is incorporated. Add the vanilla and sour cream and beat at low speed until combined.

3. Add the dry ingredients and beat at low speed until just combined, scraping down the bowl as needed. Dough will be a bit “sticky”. Divide dough into two sections. Flatten into rectangles about 1½ inches thick, then wrap with plastic wrap. Chill in the refrigerator overnight or at least two hours until firm.

4. Preheat the oven to 425 degrees F. Line large baking sheets with parchment paper; set aside.

5. Flour the countertop and the top of the dough. With a rolling pin, roll the dough out to ¼-inch thickness. Using a 2 1/2-inch round cookie cutter, cut out circles and transfer to a baking sheet. Bake for 7 minutes, until pale golden. Immediately transfer cookies to a wire rack to cool. Cook cookies completely before frosting.

6. To make the frosting, in the bowl of a stand mixer fitted with the paddle attachment, cream together the butter and vanilla. Slowly beat in the powdered sugar and the pinch of salt. Once smooth and creamy, add in heavy cream, 1 tablespoon at a time, then beat at medium-high speed for a minute or two until light and fluffy. If desired, add food coloring and beat until combined.

7. Once cookies have cooled completely, frost and add sprinkles. Allow frosting to set, then store in an air-tight container. Let cookies sit for several hours before serving to allow the flavors to develop.
",,"25","7","65","0","3",
"480",,"Cola Beef Pot Roast","Beef","1 t. salt
1/2 t. pepper
1/2 t. garlic powder
1 (4 to 5 lb.) bottom round roast or other pot roast
2 T. vegetable oil
1 1/2 cups cola (Coca Cola, Pepsi, Dr. Pepper, RC, etc.)
12 ounces chili sauce or ketchup
2 T. worcestershire sauce
2 T. hot sauce","Combine salt, pepper and garlic powder; rub over surface of roast. Brown roast on all sides in vegetable oil in heavy pan or dutch oven. Drain off drippings. Put roast in crockpot Combine remaining ingredients and pour over roast. Cover and cook on LOW for 7 to 9 hours, until meat is tender. Serves 8.","southernfood.about.com","0","0","0",NULL,"0",NULL
"482",,"Herb Rubbed Sirloin Tip Roast (Roast Beef)","Beef Entertaining Holidays","2-1/2 teaspoons paprika
 2 teaspoons kosher salt
 3/4 teaspoon garlic powder
 1/4 teaspoon ground black pepper
 1/4 teaspoon onion powder
 1/4 teaspoon ground cayenne pepper (optional)
 1/4 teaspoon dried oregano
 1/4 teaspoon dried thyme
 1 tablespoon and 1 teaspoon olive oil
 2 pound sirloin tip roast","1. Preheat oven to 425 degrees F. 

2. In a small bowl, mix the paprika, kosher salt, garlic powder, black pepper, onion powder, cayenne pepper, oregano, and thyme. Stir in the olive oil, and allow the mixture to sit about 15 minutes.
 
3. Line a baking sheet with aluminum foil. 

4. Place the roast fat side up on the prepared baking sheet, and cover on all sides with the spice mixture. 

5. Roast 15 minutes at 425 degrees, then 15 minutes per pound at 325 degrees or to a minimum internal temperature of 135-140 

6. Let sit 15 minutes before slicing in tented aluminum foil. Temperature should rise to 145 degrees before cutting to eat.
","Annie","0","0","0",NULL,"0",NULL
"483",,"Sweet Potato Fries","Vegetables","Sweet Potatoes (1/2 potato per person)
Corn Starch (1/2 t per potato)
Oil (approx 1 T to coat)
Paprika (sprinkle)
Salt (sprinkle)
Pepper (sprinkle)

You can also use cumin, cayenne pepper, or garlic in place of paprika for a different taste.","Cut sweet potatoes into fry shapes.

Toss sweet potatoes with oil, cornstarch, paprika, salt, and pepper.  Use approx. 1/2 teaspoon cornstach per potato and enough oil to lightly coat. Sprinkle with spices.

Place in single layer on cookie sheet. (The less they touch, the more crispy)

Bake at 450 for approx. 30 minutes.  Flip once.","Annie","0","0","0",NULL,"0",NULL
"485",,"Funfetti Cookie Recipe (from cake mix)","Desserts Cookies","1 (18.9-oz.) pkg. Pillsbury Funfetti Cake Mix
1/3 cup oil
2 eggs","Heat oven to 375°F. In large bowl, combine cake mix, oil and eggs; stir with spoon until thoroughly moistened. Shape dough into 1-inch balls; place 2 inches apart on ungreased cookie sheets. With bottom of glass dipped in flour, flatten to 1/4-inch thickness.

Bake at 375°F. for 6 to 8 minutes or until edges are light golden brown. Cool 1 minute; remove from cookie sheets.

Spread frosting over warm cookies. Immediately sprinkle each with candy bits from frosting. Let frosting set before storing. Store in tightly covered container.","Pillsbury","0","0","0",NULL,"0",NULL
"486",,"Super Easy Bread","Breads","3/4 cup warm water
1 package active dry yeast
1 tsp salt
1-1/2 tbsp sugar
1 tbsp vegetable shortening
1/2 cup milk
3 cups all-purpose flour, approximately","Prep Time: 3 hours
Cook Time: 45 minutes

In large bowl, add the warm water. Slowly stir in dry yeast. Continue to stir until yeast is dissolved.

Add salt, sugar, shortening, and milk to bowl. Stir.

Mix in the first 2 cups of flour.

If needed, begin adding more flour, one tablespoon at a time, until the dough chases the spoon around the bowl.

You do not need to use up all the flour called for in this recipe, or you may need more flour than called for. The amounts vary depending on many factors, including weather, which is why most bread recipes only give an approximate amount of flour needed.

Turn dough out onto floured board and knead, adding small spoonfuls of flour as needed, until the dough is soft and smooth, not sticky to the touch.

Put dough in buttered bowl, turn dough over so that the top of dough is greased. Cover and let rise in warm spot for 1 hour.

Punch down dough. Turn out onto floured board and knead.

Preheat oven at 375 degrees F. 

Form dough into loaf and set in buttered bread pan. Cover and let rise for about 30 minutes.

Score dough by cutting three slashes across the top with a sharp knife. Put in oven and bake for about 45 minutes or until golden brown.

Turn out bread and let cool on a rack or clean dishtowel.","About.com","0","0","0",NULL,"0",NULL
"487",,"Scott's Favorite Pancakes","Breakfast","1 cup Buttermilk** (2t lemon juice and a little milk)
1 egg, room temp
3 Tbsp butter, melted
¾ cup all purpose flour
½ tsp salt
1 tsp baking powder","Put the buttermilk, egg and melted butter in a mixing bowl. Stir briskly until the mixture is smooth and blended.

Stir the flour, salt and baking soda together in a small bowl. Stir into the buttermilk mixture only until the dry ingredients are moistened - leave the smaller lumps.

Heat a skillet or griddle to medium hot. Grease lightly and spoon out a 3 TBLS of batter per pancake. Cook until a few bubbles form on top and break. Flip the pancake over and cook until golden brown..not too long. 

These are the best pancakes and nothing else will compare after having these!!! Enjoy. 

Makes about 6-8 pancakes.

**To make your own buttermilk, add 2 tsp of lemon juice or vinegar to a scant cup of milk, stir, and let sit at room temp for 15-30 min. Stir again before adding to recipe.","Sugar Pie @ Yahoo. com","0","0","0",NULL,"0",NULL
"488",,"Cuke Appetizers","Appetizers","Rye or white sandwich bread
Burpless cucumber

Pretty green dill weed (dried)
8 oz package cream cheese
1 pkg Hidden Valley mix (buttermilk kind)
3-4 T Hellmans","Cut bread into little cucumber-sized circles with cookie cutter.

Mix together cream cheese, hidden valley, and hellmans and refridgerate.

Spread mix on bread, top with cuke slices, sprinkle with dill weed.","Grammie","0","0","0",NULL,"0",NULL
"489",,"Saga Blue Appetizer","Appetizers","1/4 pound blue cheese
8 oz pakg cream cheese
1/4 cup chopped pecans
few cut up chives
crackers","Mix all ingredients.  Refrigerate.  Serve with crackers","Grammie","0","0","0",NULL,"0",NULL
"490",,"Autumn Risotto with Chicken & Cranberries","Poultry Salads Casseroles","1 cup (250 mL) sweetened dried cranberries
2 cups (500 mL) hot water
1 medium onion
1 cup (250 mL) uncooked Arborio rice (see Cook's Tip)
1 tbsp (15 mL) olive oil
2 3/4 cups (675 mL) chicken stock
3/4 cup (175 mL) dry white wine such as Chardonnay
1/2 tsp (2 mL) each salt and coarsely ground black pepper
1/2 cup (125 mL) blanched slivered almonds
2 stalks celery
2 oz (60 g) cream cheese
2 cups (500 mL) diced cooked chicken or turkey breasts
1/4 cup (50 mL) finely chopped fresh parsley (optional)","1 Combine cranberries and hot water in Small Batter Bowl; set aside. Coarsely chop onion using Food Chopper. Combine onion, rice and oil in Deep Covered Baker; stir using Small Mix ‘N Scraper®. Microwave, uncovered, on HIGH 2-4 minutes or until onion is translucent. Add stock, wine, salt and black pepper; microwave, covered, on HIGH 13 minutes or until rice is still slightly firm, stirring once halfway through.

2 Meanwhile, toast almonds in (8-in./20-cm) Sauté Pan over medium heat 5-7 minutes or until golden brown, stirring frequently. Remove from heat. Slice celery. Cut cream cheese into cubes using Utility Knife. Drain cranberries using (7-in./18-cm) Strainer; set aside. Carefully remove baker from microwave using Silicone Oven Mitts. Add chicken and celery to baker; stir. Microwave, covered, on HIGH 3-5 minutes or until rice is tender and risotto appears creamy.

3 Carefully remove baker from microwave. Add cream cheese and almonds; stir until cheese is fully incorporated. Fold in cranberries. Garnish with parsley, if desired.
Yield:

about 6 1/2 cups (1.5 L),
6 servings of about 1 cup (250 mL)
","Jennifer Soto","0","0","0",NULL,"0",NULL
"491",,"Lemon Dill Grilled Salmon","Seafood","1-1.5 lbs Salmon
4 Tablespoon Olive Oil
2 Garlic Cloves, minced
1 Tablespoon Dill, chopped
1 Teaspoon Salt
1/2 Teaspoon Pepper
1/2 Teaspoon Lemon Zest
1 Tablespoon Chives, chopped","Mis all ingredients for marinade.  Put salmon in large ziplock bag and pour marinade in.  Shake to coat well.  Marinate for 1-2 hours.

Heat grill. Place salmon on grill for 6-8 minutes per side, or until fish is flaky.

Enjoy.","www.soupbelly.com","0","0","0",NULL,"0",NULL
"492",,"Toasted Garlic Mozerella Bread","Breads","1 loaf unsliced French bread (or Italian bread, use a 1-pound loaf) 
1/2 cup butter, softened 
2 tablespoons butter, softened 
3 teaspoons olive oil 
1 tablespoon grated parmesan cheese (or to taste) 
1 tablespoon fresh minced garlic 
1 teaspoon dried oregano (rubbed between fingers to release the flavor) 
1/4-1/2 teaspoon salt (I use seasoned salt) 
fresh ground black pepper (to taste) 2 cups shredded mozzarella cheese (or to taste) ","1. Slice the bread into about 1 to 1-1/2-inch thick slices using a serrated knife.
2. In a small bowl mix together 1/2 cup plus 2 tablespoons soft butter (10 tablespoons) with olive oil, Parmesan cheese, garlic, oregano, and salt until well combined.
3. Add in black pepper to taste.
4. Spread the mixture over the bread slices.
5. Place the slices onto a baking sheet.
6. Broil for about 4 minutes or until slightly brown (watch closely these will brown quickly!).
7. Remove then sprinkle the mozzarella cheese onto each slice, return to broiler for about 2 minutes or until the cheese is lightly browned.
8. Serve immediately.","Food.com","0","0","0",NULL,"0",NULL
"493",,"Loaded Mac N Cheese","Pasta","8 Oz. of Noodles
1 12 Oz. Turkey Kielbasa, Cut into Bite Sized Pieces (or chicken)
2 Tbsp of Butter
1/2 Cup of Half and Half
1/2 Cup of Lowfat Milk
1 tsp of Dijon Mustard
1 tsp of Chicken Base
2 Cloves of Garlic, Minced
11/3 Cups of Shredded Cheddar Cheese
8 Oz. of Frozen Spinach
Salt to Taste","Cook up your noodles in a large pot of salted water. While the noodles are boiling, heat up your kielbasa in a separate skillet on medium high heat for about 5 minutes or until heated through.

Remove the kielbasa from the pan and set aside. In the same skillet set to medium heat, melt up the two tablespoons of butter. Add the garlic to the skillet and saute up for a minute or two. Now add in the half and half, milk, mustard, and chicken base. Stir up well to combine and let it get hot for 2 to 3 minutes.

Now add in your cheese and let it melt and thicken the sauce; about 4 to 5 minutes.

Add the frozen spinach and stir it in, letting it heat up for a few minutes.

Add the sausage back in, stir, and let it heat back up.

Finally, add your cooked noodles back into the mix and give it one last good stir to meld it all together. Add salt if desired.","www.mommiecooks.com","0","0","0",NULL,"0",NULL
"494",,"Cinnamon Roll Pancakes","Breakfast","Cinnamon Filling
     4 tablespoons (1/2 stick) unsalted butter, just melted (not boiling)
     1/4 cup + 2 tablespoons packed light brown sugar
     1/2 tablespoon ground cinnamon

Cream Cheese Glaze
     4 tablespoons (1/2 stick) unsalted butter
     2-ounces cream cheese, at room temperature
     3/4 cup powdered sugar
     1/2 teaspoon vanilla extract

Pancakes
     1 cup all-purpose flour
     2 teaspoons baking powder
     1/2 teaspoon salt
     1 cup milk
     1 large egg, lightly beaten
     1 tablespoon canola or vegetable oil","Prepare the cinnamon filling: In a medium bowl, stir together the butter, brown sugar, and cinnamon. Scoop the filling into a quart-sized heavy zip baggie and set it aside.

Prepare the glaze: In a small pan, heat the butter over low heat until melted. Turn off the heat and whisk in the cream cheese until it is almost smooth. Sift the powdered sugar into the pan, stir and add in vanilla extract. Set the pan aside while you make the pancakes.

Prepare the pancake batter: In a medium bowl, whisk together the flour, baking powder and salt. Whisk in the milk, egg and oil, just until the batter is moistened (a few small lumps are fine).

Cook the pancakes: Heat a large, nonstick skillet over medium-heat and spray with nonstick spray. Use an ice cream scoop (or I used a 1/4 cup measuring cup) to add the batter to the pan. Use the bottom of the scoop or cup to spread the batter into a circle about 4-inches in diameter (I did not have to do this because my batter was thin enough to spread out by itself). Reduce the heat to medium low. Snip the corner of your baggie of cinnamon filling and squeeze the filling into the open corner (you may need to knead the cinnamon filling before clipping the bag, as the filling tends to separate a little). When your pancake begins to form bubbles, add the filling. Starting at the center of the pancake, squeeze the filling on top of the pancake batter in a swirl, just as you see in a regular cinnamon roll (be careful not to get the filling to close to the side. You want to keep it about a 1/4 of an inch away from the edge or it will bleed over). Cook the pancake 2 to 3 minutes, or until the bubbles begin popping on top of the pancake and it's golden brown on the bottom. Slide a thin, wide metal spatula underneath the pancake and gently but quickly flip it over. Cook an additional 2 to 3 minutes, until the other side is golden as well. When you flip the pancake onto a plate, you will see that the cinnamon filling has created a crater-swirl of cinnamon. Wipe out the pan with a paper towel, and repeat with the remaining pancake batter and cinnamon filling. Re-warm the glaze briefly, if needed. Serve pancakes topped with a drizzle of glaze.

Yields: Eight 4-inch pancakes","www.foodsnots.com","0","0","0",NULL,"0",NULL
"495",,"Simple Tortellini Soup for Kids","Pasta Soup","6 cups chicken broth
7-8 ounces dried cheese-filled tortellini
1 16 oz pkg frozen broccoli, cauliflower, and carrots or another veggie medley
freshly ground pepper
parmesan cheese","Bring the chicken broth to a boil.
Add the tortellini.
Reduce heat and cook, uncovered for about 10 minutes.
Add the vegetables and return mixture to a boil.
Reduce heat and cook uncovered for 5 more minutes
Divide among soup bowls and top with black pepper and parmesan cheese.","Parents Magazine","0","0","0",NULL,"0",NULL
"496",,,"Vegetarian Salads Entertaining",,,,"0","0","0",NULL,"0",NULL
"500",,"Amazing Strawberry Cobbler","Desserts Entertaining","1 cup self rising flour
1 cup sugar
1 cup milk
1/2 teaspoon cinnamon, optional
2 cups sweetened strawberries (fresh or frozen)
1 stick butter","1. Preheat oven to 400 degrees. Melt stick of butter in a 2 to 2.5 quart casserole dish.

2. Mix all dry ingredients together. Stir in milk until smooth. Pour over melted butter.

3. Pour batter over butter. Do not stir.

4. Pour strawberries into center of batter. Do not stir.

5. Sprinkle about a tablespoon of sugar over the batter and strawberries just before placing in the oven.

6. Bake for 30 to 40 minutes or until you can insert a knife into the center and peep into the cobbler. The batter should be cakey and not soupy.",,"0","0","0",NULL,"0",NULL
"497",,"Quinoa and Black Bean Salad","Vegetarian Salads Entertaining","1 teaspoon vegetable oil
1 onion, chopped
3 cloves garlic, peeled and chopped
3/4 cup uncooked quinoa
1 1/2 cups vegetable broth
1 teaspoon ground cumin 
1/4 teaspoon cayenne pepper
salt and pepper to taste
1 cup frozen corn kernels
1 (15 ounce) can black beans, rinsed and drained (save 1/3 cup juice and add to recipe)
1/2 cup chopped fresh cilantro ","1. Heat the oil in a medium saucepan over medium heat. Stir in the onion and garlic, and saute until lightly browned.

2. Mix quinoa into the saucepan and cover with vegetable broth. Season with cumin, cayenne pepper, salt, and pepper. Bring the mixture to a boil. Cover, reduce heat, and simmer 20 minutes,

3. Stir frozen corn into the saucepan, and continue to simmer about 5 minutes until heated through. Mix in the black beans with 1/3 cup bean juice and cilantro.
","allrecipes.com","0","0","0",NULL,"0",NULL
"498",,"Bow Tie Pasta with Bacon","Pasta","4 bacon slices, sliced crosswise into 1/2-inch pieces
12 ounces bow tie pasta
1-2 cups cooked cubed chicken
2 cups frozen peas
1 cup half-and-half
coarse salt and freshly ground pepper, to taste
1/4 teaspoon crushed red pepper flakes","Cook the pasta in a large pot of boiling salted water until cooked through but still firm to the bite. Drain and reserve 1/2 cup of the pasta water.

Meanwhile, in a large skillet, cook bacon over medium until crisp, 5 to 7 minutes. With a slotted spoon, transfer to a paper-towel-lined plate to drain (leave 1 tablespoon of drippings in skillet).

Add cooked chicken to skillet; season with salt and pepper. Add peas and half-and-half; season with salt and pepper. Simmer until slightly thickened, about 2 minutes.

Pour sauce over pasta; toss to combine, adding some reserved pasta water a little at a time, if needed to thin the sauce. Sprinkle with bacon and crushed red pepper flakes.

Prep and cook time: 20 minutes","Johanna Blair","0","0","0",NULL,"0",NULL
"499",,"Susan's Crockpot Mexican Chicken","Poultry Mexican Entertaining","4-6 chicken breasts
1 jar salsa
1 can cream of mushroom soup","Combine all ingredients in crock pot and cook on LOW for 7-9 hours.  Shred.  Serve on tortillas with shredded cheese, salsa, guac, sour cream, rice, beans, etc (as desired).","Susan Scheufler","0","0","0",NULL,"0",NULL
"501",,"Grammie's Old Fashioned Mac N Cheese","Casseroles","1 pkg elbow macaroni (8 oz)
2 1/2 cups shredded cheddar cheese (divided)
1 1/2 cup milk
2 large eggs (lightly beaten)
1 t. salt
1/8 t. white pepper
paprika","Cook macaroni and drain.
Layer 1/3 mac, 1/3 cheese, 1/3 mac, 1/3 cheese, 1/3 mac.
Combine milk, eggs, salt, and pepper.
Pour over mac and cheese
Cover and bake at 350 for 45 minutes.
Uncover and sprinkle with remaining 1/3 of cheese and paprika.
Cover and let stand 10 minutes before serving.
6-8 servings.","Grammie","0","0","0",NULL,"0",NULL
"502",,"Lobster Stew",,"Lobster Stew
3 T. butter            1 1/2 t. salt
2 c. lobster meat   1 t. paprika
1 Qt. milk            1/8 t. pepper

","30 minutes before serving:
Heat butter in 3 qt. revere pan. Saute lobster 5 min.
Add milk, seasonings. Let simmer 5 min. Let stand before serving.
Enjoy!","Grammie Penney","0","0","0",NULL,"0",NULL
"503",,"Lobster Stew","Seafood Soup","Lobster Stew
3 T. butter            1 1/2 t. salt
2 c. lobster meat   1 t. paprika
1 Qt. milk            1/8 t. pepper

","30 minutes before serving:
Heat butter in 3 qt. revere pan. Saute lobster 5 min.
Add milk, seasonings. Let simmer 5 min. Let stand before serving.
Enjoy!","Grammie Penney","0","0","0",NULL,"0",NULL
"504",,"Sea Bass Marinade","Seafood Sauces","2 pounds sea bass
3 tablespoons butter
1 1/2 tablespoons extra virgin olive oil
1 tablespoon fresh Italian parsley, finely chopped
2 cloves garlic, minced
1/4 teaspoon garlic powder
1/4 teaspoon paprika
1/4 teaspoon onion powder
lemon pepper and salt to taste","Combine onion powder, garlic powder, paprika, lemon pepper, and salt in a small bowl. Sprinkle on both sides of fish. To prepare butter sauce, combine butter, garlic, and parsley, in a small saucepan. Remove from heat once butter has melted. Preheat grill for medium high heat. Place fish on lightly oiled grate, cook for 7 minutes. Turn fish and coat with butter sauce. Cook for 7 more minutes. Once fish flakes easily, remove from heat, drizzle with olive oil, and serve.","bbq.about.com","0","0","0",NULL,"0",NULL
"505",,"Allyson's Biscuita","Breads Desserts","2 cups blanched almond flour
2 eggs
1/4 cup honey
1/3 cup melted coconut oil
1/4t sea salt
1/2t baking soda","Combine the dry ingredients. Combine the wet ingredients. Mix all.  Scoop with 1/3c cup onto baking sheet.  Bake at 350 for 15 to 20 minutes.","Allyson Devantier","0","0","0",NULL,"0",NULL
"506",,"Lime Pie","Desserts Pies","Graham Cracker Crust
1 can condensed milk
4 large egg yolks
1/2 cup fresh lime juice (about 4 limes)
Cool whip
Lime Zest","Separte eggs - whites and yolks
Brush crust with egg white (whisked)
Bake crust as directed on package

In a bowl whisk condensed milk, egg yolks, and lime juice. Pour into cooled crust.

Bake 12-15 minutes, until center is set. Let cool completely, about 1 hour.

Top with cool whip and sprinkle with zest. Cover and refrigerate.","Grammie","0","0","0",NULL,"0",NULL
"507",,"Sausage Cream Cheese Chip Dip","Pork Appetizers Entertaining Pot Luck","1 block of cream cheese
1 can of rotel 
1 Jimmy Dean Sausage Roll","Brown the sausage and then add the other stuff to the pan until it gets melty. 

Easy, cheezzy.","Kelly Welch","0","0","0",NULL,"0",NULL
"508",,"Kitchen Mixer Playdough Recipe",,"2 cups flour
1 cup salt
2 tablespoons cream of tartar
2 tablespoons vegetable oil
1 1/2 cups boiling water","Heat the water. While the water is heating, add the dry ingredients to the mixer. Next add the vegetable oil. Once the water boils, add it to the mixer bowl. You can add food coloring and spices for new colors and smells.","Tiny Tots","0","0","0",NULL,"0",NULL
"509",,"Moms Mexican Chip Dip","Poultry Mexican Appetizers Entertaining","1/2 large pkg softened cream cheese
4 oz sour cream
8 oz medium salsa
8 oz shredded cheddar
2 1/2 -3 cups shredded chicken (about 3 breasts) (can use more)","Combine all ingredients and mix thoroughly with an electric mixer until blended.

Bake 20-25 minutes at 350 or until bubbly.
 
Serve with tortilla chips.  

Note: This freezes beautifully.","Linda Dietz","0","0","0",NULL,"0",NULL
"510",,"Black Beans and Rice","Mexican","1 teaspoon olive oil
1 onion, chopped
2 cloves garlic, minced
Optional: chopped carrots
3/4 cup uncooked white rice
2 cups low sodium, low fat vegetable broth
1 teaspoon ground cumin
1/4 teaspoon cayenne pepper (optional)
3 1/2 cups canned black beans, drained","In a stockpot over medium-high heat, heat the oil. Add the onion and garlic and saute for 4 minutes. Add the rice and saute for 2 minutes. 
2. Add the vegetable broth, bring to a boil, cover and lower the heat to medium-low and cook for 20 minutes. Add the spices and black beans.","allrecipes.com","0","0","0",NULL,"0",NULL
"511",,"Rotisserie Chicken Noodle Soup","Poultry Soup","Leftover Rotisserie Chicken (with the carcass)
Butter
Olive Oil
Onions
Carrots
Celery
Garlic
Chicken Broth
Parsley
Salt
Pepper
Noodles","Heat 1T butter and 1T EVOO. 
Saute chopped onions, carrots, celery until clear or tender. Add garlic last few minutes. 
 
Loosely get chicken off bones and chop (put aside). 
Place bones & skin in cheesecloth and wrap with string. 

Put approx 6 c chix broth in, add carcass (inside the cheesecloth). Simmer about 20 min. 

Pull carcass out, let cool. 
Add chopped chicken. 
Remove rest of meat from bones and add to soup. 

Add parsley, salt and pepper to taste, and noodles","Sandy Miller","0","0","0",NULL,"0",NULL
"512",,"Shredded Chicken in Crockpot","Poultry","6 lbs. boneless, skinless chicken breasts
2 tsp. salt
2 tsp. black pepper
2 tsp. garlic powder
(optional) 1/2 cup water or chicken broth","Place chicken breasts in slow cooker, and sprinkle with seasonings (and liquid, if using). Cover and cook on low for 8 hours, or until the chicken shreds easily with a fork. (*If making a smaller batch, keep an eye on your slow cooker as the chicken will likely need less cooking time.)","gimmesomeoven.com","0","0","0",NULL,"0",NULL
"513",,"Orange Julius",,"1 Can OJ concentrate
12 ice cubes
1T vanilla
1/4C Sugar
1C Milk
1C Water","Blend","The Blairs","0","0","0",NULL,"0",NULL
"514",,"Cinnamon Apple Cake","Desserts Cakes Breakfast","Ingredients
1 3/4 cups sugar, divided
1/2 cup stick margarine, softened
1 teaspoon vanilla extract
6 ounces block-style fat-free cream cheese, softened (about 3/4 cup)
2 large eggs
1 1/2 cups all-purpose flour
1 1/2 teaspoons baking powder
1/4 teaspoon salt
2 teaspoons ground cinnamon
3 cups chopped peeled Rome apple (about 2 large)
Cooking spray
","Preheat oven to 350°.

Beat 1 1/2 cups sugar, margarine, vanilla, and cream cheese at medium speed of a mixer until well-blended (about 4 minutes). Add eggs, 1 at a time, beating well after each addition. Combine flour, baking powder, and salt. Add flour mixture to creamed mixture, beating at low speed until blended.

Combine 1/4 cup sugar and cinnamon. Combine 2 tablespoons cinnamon mixture and apple in a bowl, and stir apple mixture into batter. Pour batter into an 8-inch springform pan coated with cooking spray, and sprinkle with remaining cinnamon mixture.

Bake at 350° for 1 hour and 15 minutes or until the cake pulls away from the sides of the pan. Cool the cake completely on a wire rack, and cut using a serrated knife.

Note: You can also make this cake in a 9-inch square cake pan or a 9-inch springform pan; just reduce the cooking time by 5 minutes.","myrecipes.com","0","0","0",NULL,"0",NULL
"515",,"Caramel Apple Dip","Appetizers","16 individually-wrapped caramels, unwrapped
¼ cup water
8 oz. cream cheese, softened
½ cup brown sugar
1 teaspoon vanilla","In a medium saucepan over medium-low heat, melt caramels with water, stirring frequently. Remove from heat and set aside.
In a medium bowl, cream together cream cheese, sugar and vanilla.
Lastly, fold in caramel mixture into the cream cheese mixture.
Serve immediately with apple slices.","ChefinTraining.com","0","0","0",NULL,"0",NULL
"516",,"Corn Bread Casserole","Casseroles Breads","1 (15 1/4-ounce) can whole kernel corn, drained
1 (14 3/4-ounce) can cream-style corn
1 (8-ounce) package corn muffin mix (recommended: Jiffy)
1 cup sour cream
1/2 stick butter, melted
1 to 1 1/2 cups shredded Cheddar
","Preheat oven to 350 degrees F.

In a large bowl, stir together the 2 cans of corn, corn muffin mix, sour cream, and melted butter. Pour into a greased 9 by 13-inch casserole dish. Bake for 45 minutes, or until golden brown. Remove from oven and top with Cheddar. Return to oven for 5 to 10 minutes, or until cheese is melted. Let stand for at least 5 minutes and then serve warm.","Paula Dean","0","0","0",NULL,"0",NULL
"517",,"Lisas Yummy Chicken","Poultry","Chicken breasts
Shredded cheddar cheese
Mayo
Milk
Ritz Crackers
Cream of Chicken Soup
Butter
Sour Cream","Cut Chicken breasts in half length-wise.
Dip into milk, then mayo, then shredded cheddar, then crumbled Ritz crackers.

Make sauce on the stove with 1 can cream of chicken soup, 2 tablespoons butter, and a cup of sour cream.

Cover chicken with foil and cook for 30 minutes at 350. Then broil for an additional 5-10 minutes without the foil.

Pour sauce over chicken and serve.","Lisa Whitcomb","0","0","0",NULL,"0",NULL
"518",,,,,,,"0","0","0",NULL,"0",NULL
"519",,"Crock Pot Mac and Cheese","Pasta Casseroles Entertaining","3 cups UNCOOKED elbow macaroni pasta
2 cups sharp cheddar cheese, shredded
1 cup colby cheese, shredded
3 tbsp butter
3 cups half & half
2 cans Campbell’s Cheddar Cheese condensed soup
½ tsp ground black pepper
½ tsp paprika ( smoked or plain)","1. Combine the half & half with the cheddar cheese soup, and mix until it's nice and smooth.
2. Next, sprinkle in the paprika and black pepper, and mix.
3. Pour the elbow macaroni and cheese into the crock pot, half of the shredded cheddar & colby, the cut butter, and half & half/ cheddar soup mixture.
4. Mix until well incorporated.
5. Top off with the remaining shredded cheese.
6. Put the lid on top of the slow cooker, then set the slow cooker on low.
7. Let cook for 3 hours.","I Heart Recipes","0","0","0",NULL,"0",NULL
"520",,"Garlic Mashed Potatoes","Vegetables Entertaining Pot Luck","5 pounds unpeeled red potatoes, quartered
3 sticks butter, room temperature
5 ounces Romano cheese, grated
 1/3 cups chopped garlic
2 teaspoons salt
2 teaspoons dried oregano","Bring a large pot of salted water to a boil. Add potatoes and cook until tender but still firm, about 45 minutes; drain. Stir in butter, cheese, garlic, salt and oregano. Mash with a potato masher or with an electric mixer.","allrecipes.com","0","0","0",NULL,"0",NULL
"521",,"Sweet Cilantro Dipping Sauce","Sauces Appetizers","1/4 C White Vinegar
1/2 t Worchestershire
1 t balsamic vinegar
1/2 C honey
1/2 C chopped cashews
2/3 C chopped fresh cilantro (to taste)
2 garlic cloves
2 green onions
1 T sugar
1 t ground black pepper
2/4 t cumin
1/4 C olive oil","Process in food processor.","Mark","0","0","0",NULL,"0",NULL
"522",,,,,,,"0","0","0",NULL,"0",NULL
"523",,,,,,,"0","0","0",NULL,"0",NULL
"524",,"Classic French Crepes","Breakfast","1¼ cup milk
3 large eggs
2T melted butter
3T sugar 
½t  kosher salt
1C flour
","COOKING THE CREPES
1.	Preheat a griddle to medium-high (err on the side of high).
2.	Brush a layer of butter on the heated pan. 
3.	Always mix the batter first, before you make each crepe, as the butter may harden. 
4.	Pour ¼ cup of the batter onto the griddle.  Allow it to cook 10-20 seconds, then use the spreader in a circular motion.
5.	Cook the crepes until the edges are starting to brown and become a little crisp (about 60 seconds). Flip the crepes over and cook for a further 30 seconds on the other side until the crepes have caramelized spots.

SOME HINTS FROM THE CHEF
•	You can also just dump all ingredients in a blender.  If using this method, make sure to allow it to rest 10-20 minutes
•	If crepes are coming out rubbery, turn up the heat.
•	For crispier edges, add butter or oil to the pan.  If the butter is burning, switch to oil.
•	If topping with chocolate chips, you can add the chips to the crepe while it’s still on the pan for more melty goodness.
•	Some of our favorite toppings (select one): chocolate chips and bananas, raspberry jam, squeeze of lemon, Nutella, berries


","Scott Seifert","0","0","0",NULL,"0",NULL
"525",,"Creamy Cajun Pasta Sauce","Pasta Sauces","2 tablespoon olive oil
1/2 cup finely chopped onion
2 tablespoon minced garlic
1 cup white wine
1 pint heavy cream
2t tablespoon cajun or creole seasoning
2t tablespoon smoked sweet paprika seasoning
1 teaspoon salt
3 tablespoons tomato paste","In a large sauté pan, heat 2 tablespoons olive oil over medium heat. When shimmering, add onions. Cook for 2 minutes. Add garlic, cook additional 30 seconds until fragrant. 
Add the white wine. Let the wine reduce to half – about 3 minutes. 
Add cajun seasoning, salt, paprika and tomato paste. Stir.
Add heavy cream. When the cream mixture is almost bubbling, turn heat to low. Let the cream mixture reduce to half – about 2 minutes.","Scott","0","0","0",NULL,"0",NULL
"526",,"Lemon Broccoli Pasta",,"1.5 cups uncooked rotini
2 cups broccoli florets
1 small clove garlic
1 Tablespoon oil
1 Tablespoon lemon juice
3/8 teaspoon salt
1/8 teaspoon black pepper
1/4 cup fresh parmesan","Cook pasta according to package directions, adding broccoli during last 3 minutes of cooking time.

Heat 1T oil and butter in small saucepan over medium heat until butter melts. Add garlic and saute 1 minute. Remove from heat and stir in lemon juice, salt, and pepper. Pour sauce over pasta and broccoli mixture, tossing to coat.

Top with Parmesan cheese.","Dinner ASAP","0","0","0",NULL,"0",NULL
"527",,"Schweitzers Sausage Dip",,"1 pound fresh, ground pork sausage
1 (8 ounce) package cream cheese
1 (14.5 ounce) can diced tomatoes with green chile peppers (or Rotel)","In a large skillet, brown sausage. Drain excess fat.
Cut cream cheese blocks into small cubes. Place the cream cheese, tomatoes and sausage into a slow cooker. Heat over a medium heat. Stir continually. Serve as soon as cream cheese melts completely.",,"0","0","0",NULL,"0",NULL
"528",,"Zach's recipe","Vegetables Beverages","ingred 1","feed me",,"0","0","0",NULL,"0",NULL
"529",,"Salmon Honey Soy Marinade","Seafood","4 cloves garlic, minced
2 teaspoons ginger, minced
½ teaspoon red pepper
1 tablespoon olive oil
⅓ cup less sodium soy sauce
⅓ cup honey","Place salmon in a sealable bag or medium bowl.

In a small bowl or measuring cup, mix marinade ingredients.

Pour half of the marinade on the salmon. Save the other half for later.

Let the salmon marinate in the refrigerator for at least 30 minutes.

In a medium pan, heat oil. Add salmon to the pan, but discard the used marinade. Cook salmon on one side for about 2-3 minutes, then flip over and cook for an additional 1-2 minutes.

Remove salmon from pan. Pour in remaining marinade and reduce.

Serve the salmon with sauce and a side of veggies. We used broccoli. Enjoy!","Tasty.co","0","0","0",NULL,"0",NULL
"530",,"Jina's Meatballs","Hamburger Appetizers Entertaining Pot Luck","1 can cranberry jelly
1 bottle heinz chili sauce
about 1 T lemon juice (I just squeeze half a lemon even if I double the sauce)
1 T brown sugar
Costco meatballs (approx 40 large or 80 mini)","In crockpot, combine the first 4 ingredients until all melted together.
Add meatballs and mix into sauce sauce, so meatballs are evenly coated.
Cook on HIGH for at least 3 hours

If you are pressed for time, you could use a really big pan to make the sauce and add in the meatballs, because it takes some time in the crockpot for the meatballs to defrost.  Then you could transfer to the crockpot for a shorter amount of time.

When I make it in my big crockpot, I'll double or triple the sauce and add in as many meatballs as I can.  You just want to leave enough time for the meatballs to fully heat up from being frozen.","Jina Park","0","0","0",NULL,"0",NULL
"531",,"Cinnamon Roll Monkey Bread","Breads Desserts Breakfast","3/4 cup sugar
2 teaspoons cinnamon
35 ounces Grands Cinnamon Rolls with Icing , (2 packages)
1/2 cup brown sugar
1/2  cup unsalted butter , melted","Preheat oven to 350 degrees and grease a large bundt pan.

Add cinnamon and sugar to a large bowl and stir.

Cut each cinnamon roll into six pieces.

Add the pieces to the bowl and gently coat them in the cinnamon sugar mixture.

Add half the dough balls and arrange them in your bundt pan.

In a medium bowl, mix the brown sugar and melted butter.

Pour half the butter mixture over the first layer.
Arrange the rest of the cinnamon roll pieces in a second layer.

Pour the rest of the melted butter mixture over the top and put it in the oven.

Bake for 40-45 minutes until it's cooked through and golden brown.

Let cool for five minutes then place a large plate or cake pedestal upside down over the top of your bundt pan and carefully and quickly flip it over to remove the monkey bread from the pan.

Top with icing packets drizzled over the top (best if you warm these in a bowl first).","https://dinnerthendessert.com/","0","0","0",NULL,"0",NULL
"532",,"Grandma Dietz' Ham Loaves","Pork Entertaining Holidays","3/1/2 lbs Cured Ham   (I used diced ham. I could not find ground cured ham at our grocery store.).
1 1/2 Lbs Ground Pork
1 lb. Ground Veal 
3/4 tsp black pepper
6 beaten eggs
3 c pineapple juice","Mix meats together.  I used my hands.

Combine all. Form into mini loaves.  

Top each mini loaf with a ring of canned pineapple. 

Bake 35-40 minutes in a 350 degree oven.

Note: makes approx 36 mini loaves.","Grandma Dietz","0","0","0",NULL,"0",NULL
"533",,,,,,,"0","0","0",NULL,"0",NULL
"534",,,,,,,"0","0","0",NULL,"0",NULL
"535",,,,,,,"0","0","0",NULL,"0",NULL
"536",,,,,,,"0","0","0",NULL,"0",NULL
"537",,,,,,,"0","0","0",NULL,"0",NULL
"538",,,,,,,"0","0","0",NULL,"0",NULL
"539",,"Mocha frosting",,"1 stick butter softened
1 pound powdered sugar
1/4 c cocoa powder
Pinch Salt
Approximately 1/2c cooled coffee","Beat butter with sugar, cocoa, salt. Add coffee to texture, add more sugar if needed.","Samsung","0","0","0",NULL,"0",NULL
"540",,"Tamara's Mac n Cheese",,"8 ounces of Macaroni
2C Cottage Cheese
8oz Sour Cream
1 egg, beaten
2C Shredded Extra Sharp Cheddar Cheese","1. Cook the pasta according to the directions.  Rinse & drain.  
2. Mix Cottage Cheese, Sour Cream, Egg & Cheddar Cheese.  
3. Fold in Macaroni.  
4. Spoon into a 9x13"" greased dish.  
5. Sprinkle with additional cheese if desired (we always desire :))
6. Bake 30-35 minutes @ 350 degrees or until the cheese on top is brown & bubbly to your liking.  

I definitely don't measure the cheese and am very liberal with it because our family likes it cheesy.  I also tend to put mild cheddar cheese on top just to give it a variety of flavors, but that's just personal preference and what I have on hand.","Tamara Donohue ","0","0","0",NULL,"0",NULL
"541",,"Sausage & Cream Cheese Biscuits","Pork Breakfast Entertaining","1 lb sausage
8 oz. cream cheese
1 T Worcestershire sauce
1.5 cups shredded cheddar
1 can grands flaky layer biscuits","1. Preheat oven to 375 & lightly spray muffin pan
2. Cook sausage over medium-high heat and drain off excess grease.
3. Stir together cooked sausage, cream cheese, Worcestershire, and shredded cheddar.
4, Remove buscuits from can and split each into two. Reform and press each biscuit half into muffin tin.
5. Scoop sausage mixture into biscuit cups.
6. Bake for 13-15 minutes until biscuits are golden brown.
","Wanser","0","0","0",NULL,"0",NULL
"542",,,,,,,"0","0","0",NULL,"0",NULL
"543",,,,,,,"0","0","0",NULL,"0",NULL
"544",,,,,,,"0","0","0",NULL,"0",NULL
"545",,,,,,,"0","0","0",NULL,"0",NULL
"546",,,,,,,"0","0","0",NULL,"0",NULL
"547",,,,,,,"0","0","0",NULL,"0",NULL
"548",,,,,,,"0","0","0",NULL,"0",NULL
"549",,,,,,,"0","0","0",NULL,"0",NULL
"550",,,,,,,"0","0","0",NULL,"0",NULL
"551",,"Chocolate Maple Pecan Pie","Pies","Filling:
4 T unsalted butter, melted
1 Cup semisweet chocolate chips
3/4 Cup dark brown sugar packed
2 1/2 T flour ( I use GF flour)
1/4 tsp salt
3 large eggs
2/3 Cup maple syrup
3 T bourbon - you can swap this for more maple syrup 
2 tsp vanilla extract
1/2 Cup chopped pecans
1/2 Cup pecan halves
","In a large bowl pour the butter over the chocolate chips. Let the mixture sit for 2-3 min to allow the hot butter to melt the chocolate. It does not need to melt completely.
Stir in the brown sugar, flour and salt to make a thick paste. Whisk the eggs, maple syrup, bourbon and vanilla in a small bowl. Pour the egg mixture into the chocolate mixture and stir until the ingredients are combined. 

Sprinkle the pecans on the bottom of an unbaked pie crust. Pour filling over the nuts and mix carefully with a fork so all the pecans are covered with the mixture. 

Bake 350 for 55 minutes or until the filling has set.
","Allison Sydnor","0","0","0",NULL,"0",NULL
"552",,"Maple Pecan Pie","Pies","1 cup brown sugar
1 cup maple syrup pure maple syrup is best
3 eggs
1/2 stick of butter or margarine melted or 4 tablespoons
2 teaspoon vanilla extract
1/4 teaspoon salt
2 cups pecans chopped or whole
1 unbaked 9 inch pie crust","Whisk sugar, syrup, eggs, butter, vanilla, and salt together in bowl. Add pecans. Pour into crust. Bake in 400 degree oven for 10 minutes. Reduce heat to 350 degrees and cook approximately 30 – 40 minutes longer until filling is set in center. Top with whipped cream or ice cream for a wonderful dessert.","The Southern Lady Cooks","0","0","0",NULL,"0",NULL
"553",,,,,,,"0","0","0",NULL,"0",NULL
"554",,"Teriyaki Chicken","Poultry Chinese","1 1/4 lbs. boneless skinless chicken breasts, diced into 1-inch cubes
1 Tbsp olive oil
1/4 cup low-sodium soy sauce
1/4 cup water
2 Tbsp honey
1 1/2 Tbsp packed light brown sugar
1 Tbsp rice vinegar
1/4 tsp toasted sesame oil
2 tsp peeled and minced fresh ginger
2 tsp peeled and minced fresh garlic (2 cloves)
2 tsp cornstarch
Sesame seeds and chopped green onions, for serving (optional)","Heat olive oil in a 12-inch non-stick skillet over medium-high heat.

Add in chicken and let brown on bottom about 3 - 4 minutes then flip and continue to cook until center registers about 160 degrees, about 3 minutes longer.

While chicken is cooking, in a small mixing bowl (or liquid measuring cup) whisk together soy sauce, water, honey, brown sugar, rice vinegar, sesame oil, ginger, garlic and cornstarch.

Stir the sauce in with the cooked chicken and continue to cook and toss until sauce has thickened, about 30 - 60 seconds longer. 

Serve over rice garnished with green onions and sesame seeds if desired.

15 minutes cooking and prep.
Serves 4.","cookingclassy.com","0","0","0",NULL,"0",NULL
"555",,"Johnny Cakes","Breads Entertaining","1 small Jiffy corn muffin Box
1 egg
1/2 c milk
3 T sugar 
1 T oil
1 tsp baking powder
","Mix all the below ingredients:

1 small Jiffy corn muffin Box
1 egg
1/2 c milk
3 T sugar 
1 T oil
1 tsp baking powder

Cook like you would cook pancakes on a buttered griddle or pan.

Makes 8-10 pancakes.
","Tami Morgan","0","0","0",NULL,"0",NULL
